"Code","deaths","X2018.people.per.sq..km","Mean_ann_earnings","median_age_2018","pm25_5yAvg","no2_5yAvg","o3_5yAvg","pm10_5yAvg","nox_5yAvg","cases","earnings_5ya.x","pop_dens_5ya","age_5ya.x","earnings_5ya.y","age_5ya.y","earnings_5ya","age_5ya","april_cases","april_deaths","pm25_val","no2_val","o3_val","pm10_val","nox_val"
"E06000001",20,997,25985,41.8,7.6179115,14.359226,2.8111393,11.625292,20.20684,79,24887.4,992,41.8,24887.4,41.8,24887.4,41.8,225,63,7.3628211,13.105737,5.303858,11.506778,17.730895
"E06000002",60,2608,22878,36.2,8.3422855,20.537653,2.2409465,12.522083,30.628742,272,21543.4,2601,36.4,21543.4,36.4,21543.4,36.4,500,142,8.2105405,20.178191,4.2518016,12.561928,29.296034
"E06000003",26,558,23236,45,7.7480735,8.4406127,3.7957471,12.845976,11.2736131,158,22960.2,555,44.7,22960.2,44.7,22960.2,44.7,294,69,7.2931372,7.749542,6.8514997,12.855827,9.9832409
"E06000004",26,962,26622,40.4,8.0381799,16.408541,2.6702927,12.169144,23.435384,199,24847.8,957,40.3,24847.8,40.3,24847.8,40.3,324,60,7.9008561,15.562038,5.0506318,12.25113,21.440737
"E06000005",14,540,26908,43.1,7.3687136,12.552449,2.7638065,11.199637,17.361185,125,25761.8,539,42.6,25761.8,42.6,25761.8,42.6,252,51,7.1532211,11.3603409,5.1988114,11.129635,15.098272
"E06000006",28,1624,26328,41,9.2717799,18.1869,1.888169,13.474783,26.51771,199,25255.6,1614,40.8,25255.6,40.8,25255.6,40.8,327,80,9.2573432,15.611062,4.3935691,13.269754,21.642167
"E06000007",41,1160,29842,42.2,8.9828525,18.181892,1.734613,13.09167,26.436852,336,28355,1156,41.7,28355,41.7,28355,41.7,694,152,8.5694032,17.232627,3.7784428,12.433627,24.256562
"E06000008",18,1087,22198,36.3,8.01833,13.6235929,2.0643815,11.889377,19.114973,158,21399,1084,36,21399,36,21399,36,291,59,7.6509851,12.3690162,4.2431712,11.3740139,16.653894
"E06000009",20,3997,21181,43.5,8.327269,12.1277659,2.3671485,11.749527,16.666887,149,20022.2,4013,43.4,20022.2,43.4,20022.2,43.4,399,75,7.3088457,10.6894658,4.8719872,10.5498611,14.089256
"E06000010",21,3648,20562,35.6,10.4394511,21.723093,2.2726851,15.850196,33.243922,123,20224,3626,35.8,20224,35.8,20224,35.8,391,77,10.1334295,18.906544,4.8822638,15.584662,27.329206
"E06000012",13,833,24119,42.4,9.5845867,14.123219,3.3394409,15.346355,20.00759,73,22755.8,830,42.2,22755.8,42.2,22755.8,42.2,48,28,9.0268366,12.339795,6.5379122,15.313372,16.649428
"E06000013",9,203,25417,44.1,9.417597,13.473132,2.9525316,14.901643,19.052475,104,25715,202,43.7,25715,43.7,25715,43.7,282,52,8.9422246,11.402008,5.8045487,14.852695,15.28743
"E06000014",27,772,25786,37.6,8.4994771,15.79808,2.7839461,12.794625,22.595381,126,25720,763,37.9,25720,37.9,25720,37.9,258,95,8.3177745,14.073252,5.2771586,12.844988,19.22192
"E06000015",98,3296,28529,36.9,11.319608,23.654536,1.6736213,16.338931,36.757534,353,26950.4,3276,36.7,26950.4,36.7,26950.4,36.7,448,217,9.7231876,20.326218,3.5086304,14.439633,29.549594
"E06000016",65,4843,20734,31.6,11.439728,25.634194,1.76392198,16.711135,40.799562,371,21017,4761,31.8,21017,31.8,21017,31.8,552,168,10.4551577,23.452086,2.6415407,15.80518,35.539774
"E06000017",2,104,24740,47,9.1773209,8.7885813,3.4863005,14.105359,11.885162,10,27093,102,46.1,27093,46.1,27093,46.1,3,9,8.5414677,6.9049517,4.2762239,13.82515,8.8399633
"E06000018",49,4437,22898,29.7,11.358995,26.225827,1.5512344,16.701681,42.113788,294,22435.2,4359,30.1,22435.2,30.1,22435.2,30.1,494,165,9.8736954,22.494498,3.1606484,15.146823,33.5871
"E06000019",18,88,24950,47,8.6972089,6.3357757,3.9056395,13.816851,8.3222263,102,23989,87,46.4,23989,46.4,23989,46.4,202,51,7.8481914,5.4888348,9.3299757,13.254887,6.9161711
"E06000020",20,612,23856,39.4,8.4282,9.204616,3.5940514,13.306339,12.423963,130,23612.4,602,39.3,23612.4,39.3,23612.4,39.3,186,60,7.6384959,7.9378183,8.2308411,12.696734,10.2491896
"E06000021",31,2738,24502,37.7,9.5762874,20.184143,1.8476429,14.13583,29.960794,189,22669,2718,37.9,22669,37.9,22669,37.9,360,97,8.696993,18.040019,4.1557601,13.072722,25.442578
"E06000022",34,555,30783,38.2,8.5415668,7.3768917,3.383924,12.987733,9.7988672,124,29150.2,543,39.1,29150.2,39.1,29150.2,39.1,122,74,8.0744721,6.2219782,11.216961,12.649253,7.8777198
"E06000023",62,4224,28065,32.5,10.3732913,22.242587,2.0065333,15.395296,33.728871,324,26717.8,4157,32.9,26717.8,32.9,26717.8,32.9,479,190,10.141752,19.645615,6.9402352,15.268601,28.177559
"E06000024",19,572,29897,45.9,8.1887902,9.3774493,3.0408202,12.285081,12.674347,118,28927.4,567,45.5,28927.4,45.5,28927.4,45.5,170,60,7.7227179,7.8162481,10.0594252,11.859697,10.035917
"E06000025",52,569,27813,40.7,9.3327132,12.396116,3.0532315,14.316492,17.163776,211,27319.2,560,41.1,27319.2,41.1,27319.2,41.1,273,115,8.8251447,10.1336664,9.7836599,13.987557,13.262449
"E06000026",21,3296,25021,38.3,8.7849109,16.255571,2.4538334,13.583175,23.503161,142,23104.4,3282,38.1,23104.4,38.1,23104.4,38.1,228,57,7.1248688,13.8075795,8.8657944,11.1351872,18.846321
"E06000027",16,2159,21710,48.6,7.7017872,8.6532137,3.1591667,11.787385,11.5293348,98,20644.2,2143,47.9,20644.2,47.9,20644.2,47.9,147,43,6.199585,7.9568285,10.690332,9.6125263,10.2212508
"E06000030",41,965,28230,39.8,10.979766,17.249419,3.3251289,15.910033,25.012232,169,27242,954,39.5,27242,39.5,27242,39.5,291,111,10.698124,15.296379,10.1525615,15.762797,21.047351
"E06000031",17,585,26233,36.5,10.510034,17.841085,3.2052036,15.600054,26.071132,109,25633.2,574,36.1,25633.2,36.1,25633.2,36.1,201,51,10.35024,15.375522,5.971525,15.764195,21.209423
"E06000032",74,4939,24830,34.2,11.193166,19.858236,3.2438307,16.141619,29.611396,380,24725.8,4927,33.5,24725.8,33.5,24725.8,33.5,580,151,11.392942,17.465116,8.4490826,16.697407,24.64537
"E06000033",67,4370,31343,41.6,10.9112582,16.513998,3.933594,15.427715,23.91461,215,29394.8,4342,41.4,29394.8,41.4,29394.8,41.4,266,128,10.097348,15.077051,12.151126,14.713368,20.925735
"E06000034",41,1055,28130,36.9,11.253006,17.502938,3.7656311,17.121421,25.394671,191,27465.2,1033,36.9,27465.2,36.9,27465.2,36.9,252,109,10.888211,18.213602,10.8782324,17.037179,25.973733
"E06000035",63,1436,29819,38.1,11.076428,15.632536,3.9793192,16.014656,22.469889,382,28155.2,1428,37.9,28155.2,37.9,28155.2,37.9,491,135,10.5078671,14.635515,12.41493,15.594275,20.216589
"E06000036",23,1112,32838,39.1,10.3223917,14.579104,3.8610629,14.664123,20.579763,113,32732.6,1099,38.7,32732.6,38.7,32732.6,38.7,173,54,10.8005391,13.755677,11.208737,15.271717,18.678224
"E06000037",37,225,35730,43.2,9.4913207,11.6869775,4.3048791,14.23786,16.171674,158,33840.2,224,42.6,33840.2,42.6,33840.2,42.6,230,105,9.2495919,10.7422492,12.701552,14.109801,14.210391
"E06000038",42,4040,32470,34.4,11.391493,22.39588,2.71842608,16.331692,35.232024,197,30574,4013,34.1,30574,34.1,30574,34.1,437,121,11.967983,21.056469,8.3979558,17.058124,32.029171
"E06000039",42,4582,29197,34.8,11.713947,25.026686,2.5308067,17.080286,39.512506,230,27951.2,4536,34.1,27951.2,34.1,27951.2,34.1,346,87,11.852959,21.822064,7.9858089,17.339909,32.26688
"E06000040",47,768,43963,42.1,9.8643991,14.651691,3.8290535,14.228024,20.810211,148,44560.6,762,41.6,44560.6,41.6,44560.6,41.6,183,103,9.9417355,13.377208,11.068768,14.465367,18.163235
"E06000041",39,939,41939,41.6,10.49741,17.017188,3.5429822,15.008447,24.931317,180,39149.4,920,41.5,39149.4,41.5,39149.4,41.5,320,106,10.687595,15.0526,10.7623644,15.339728,20.864217
"E06000042",79,870,31343,37.6,10.94886,16.077431,3.426346,16.428269,22.997112,296,30298.8,862,37,30298.8,37,30298.8,37,407,165,11.048485,14.499738,7.7130211,16.962875,19.804753
"E06000043",44,3508,31235,35.4,10.838328,16.01883,2.7058877,15.648712,22.840278,225,29463.4,3464,35.6,29463.4,35.6,29463.4,35.6,287,102,11.025587,14.884486,10.3394405,15.875898,20.408858
"E06000044",35,5327,24884,33.9,12.677245,22.554212,2.7371082,17.639075,34.903586,170,24193.6,5268,33.9,24193.6,33.9,24193.6,33.9,241,90,13.213224,21.359121,8.8209,18.101809,31.675248
"E06000045",39,5065,23961,32.2,10.8846389,27.829834,2.1337327,15.454615,47.494359,257,23600.6,4999,32.4,23600.6,32.4,23600.6,32.4,380,113,10.3177922,24.544592,7.3112921,14.633811,38.672284
"E06000046",13,373,23418,50.1,8.4969193,7.7468744,4.4185761,13.140457,10.3814969,51,23700.2,370,49.1,23700.2,49.1,23700.2,49.1,90,39,8.2462049,7.431829,13.554466,12.943836,9.5716871
"E06000047",160,237,26634,43.5,6.5231228,5.7100161,2.9289187,9.8711753,7.4387272,647,25391.2,235,43.4,25391.2,43.4,25391.2,43.4,1445,408,6.0331005,5.7349122,5.1401094,9.5391365,7.2482203
"E06000049",103,326,31067,46.2,8.0153054,10.0742941,2.3774347,12.252148,13.649505,408,30358,324,45.6,30358,45.6,30358,45.6,793,300,6.7889721,8.6089287,5.13379,10.791557,11.15036
"E06000050",73,371,29183,44.4,7.2666723,7.5207102,2.8662772,10.976437,9.9745381,422,28111.2,367,44,28111.2,44,28111.2,44,670,230,6.42349,6.6073813,6.40737,10.0441294,8.4135027
"E06000051",41,100,26455,47.4,7.8935279,5.3620111,4.2120777,12.877853,6.972859,237,25800,99,46.6,25800,46.6,25800,46.6,333,116,7.1339114,4.7606573,9.6392088,12.469246,5.9536199
"E06000052",76,160,22887,47.2,6.7733805,4.9872265,3.299444,11.698533,6.4358568,287,22008.4,158,46.6,22008.4,46.6,22008.4,46.6,283,162,5.8204697,4.9754798,10.780496,10.530826,6.2306985
"E06000054",89,153,29483,44.6,8.8128013,7.2671239,4.5239561,13.622236,9.7022468,236,27150.6,152,44,27150.6,44,27150.6,44,276,217,8.4006111,6.7378971,13.63944,13.388798,8.6117441
"E06000055",32,360,28943,40.2,3.24960724,2.1549931,1.412330996,5.53599874,2.73893922,232,28242.8,355,40,28242.8,40,28242.8,40,427,87,10.587698,14.592962,7.9134195,15.744936,20.014753
"E06000056",61,396,32221,41.3,10.3931732,12.915947,4.0803259,15.516103,18.081887,289,31588,389,41.3,31588,41.3,31588,41.3,467,163,10.3542272,11.1673792,9.6450359,15.84262,14.870688
"E06000057",59,64,25438,48,5.38475418,3.96859358,1.9859255,7.72358524,5.09170032,382,25817.4,64,47.3,25817.4,47.3,25817.4,47.3,843,164,5.0793556,3.8875708,3.0699431,7.3822133,4.8306673
"E07000008",12,3090,36066,30.6,10.383046,15.602427,4.5102072,15.431303,22.370437,92,32830.2,3067,31.3,32830.2,31.3,32830.2,31.3,118,59,10.3428173,14.0398031,10.723327,15.7755,19.208401
"E07000010",14,186,25799,44.8,9.0243468,9.4128512,4.9976177,13.238622,12.751213,69,24695.2,183,44.6,24695.2,44.6,24695.2,44.6,95,39,9.7234813,7.2036792,10.905031,16.943409,9.250054
"E07000011",18,196,33158,43.3,9.9860841,11.0644487,4.5573043,15.712569,15.168489,110,29970.8,194,42.8,29970.8,42.8,29970.8,42.8,136,61,9.6933509,9.3931915,9.5884524,15.923307,12.245406
"E07000012",12,175,38350,42.9,9.8785891,8.6933373,5.3755633,15.448987,11.704342,106,36589,173,42.5,36589,42.5,36589,42.5,122,43,9.5571141,7.3911396,12.372801,15.671176,9.4888027
"E07000026",24,79,28789,47.8,5.1649791,3.8748673,1.9942924,7.6842048,4.9539791,125,26716.6,78,47.2,26716.6,47.2,26716.6,47.2,149,47,4.7698073,4.101635,3.0095067,7.207602,5.1038051
"E07000027",27,861,27140,44.9,8.6935803,12.5033575,2.0479448,12.0178106,17.878201,393,24277,865,44.5,24277,44.5,24277,44.5,497,63,7.6728104,12.7273997,4.0888663,10.6241448,17.7032027
"E07000028",31,104,23809,44.8,7.20679246,10.49924286,1.66060986,10.31327192,14.29867296,229,22183.2,104,44.1,22183.2,44.1,22183.2,44.1,332,75,6.4412244,9.6188772,2.5603494,9.4925527,12.620967
"E07000029",18,94,31177,46.7,3.24960724,2.1549931,1.412330996,5.53599874,2.73893922,117,30858.4,94,46,30858.4,46,30858.4,46,203,42,4.8453715,3.8871822,3.4144278,7.3139754,4.8296503
"E07000031",63,68,27942,50.9,6.360427,7.0195044,2.236009,9.7407018,9.2131413,317,26072.6,68,50.2,26072.6,50.2,26072.6,50.2,411,113,5.7360738,6.9430999,3.7705112,9.133964,8.833435
"E07000032",31,477,28594,46,9.6235551,13.133372,2.4887442,14.047264,18.407579,89,27857.8,473,45.4,27857.8,45.4,27857.8,45.4,90,64,7.9724066,10.8315989,4.6666168,12.27071,14.339093
"E07000033",10,496,23373,44,9.5175353,13.266738,2.3038656,15.184342,18.547699,66,22090.6,491,43.6,22090.6,43.6,22090.6,43.6,114,31,8.032105,10.750084,4.3229535,13.752783,14.182632
"E07000034",17,1584,25376,44.5,3.24960724,2.1549931,1.412330996,5.53599874,2.73893922,109,23464,1584,44,23464,44,23464,44,136,46,7.4918109,13.857115,3.6528513,11.295953,18.940473
"E07000035",18,91,31252,50.8,7.7188652,8.0453598,2.4820571,11.859425,10.785775,66,29063,91,49.8,29063,49.8,29063,49.8,96,47,6.5041322,6.5049385,4.6260905,10.4602346,8.2911035
"E07000037",19,171,25908,45.9,6.4905263,7.4803572,2.03981,9.2773691,9.9726566,80,26038.6,171,45.2,26038.6,45.2,26038.6,45.2,149,71,5.5988672,6.0212262,3.9209425,8.1563056,7.6393795
"E07000038",31,367,25327,47.6,7.648886,9.061729,2.3484287,11.374969,12.254583,115,24919.2,365,47.1,24919.2,47.1,24919.2,47.1,209,81,6.4299199,7.2864957,4.3030872,9.9897856,9.342608
"E07000039",26,309,32936,42.2,9.7575521,10.993967,2.9479877,15.114071,15.111998,121,29731.8,302,42.1,29731.8,42.1,29731.8,42.1,174,78,8.118325,9.342942,5.2760869,13.535331,12.214542
"E07000040",8,177,25979,50.9,7.0908916,4.6193122,3.3736463,11.373262,5.9540432,78,25277,174,50.5,25277,50.5,25277,50.5,72,30,5.81499,4.4250547,11.526021,9.7121842,5.5150696
"E07000041",16,2773,24395,33.7,8.4874851,11.1663687,2.9058971,12.777247,15.254382,88,23810,2718,34.1,23810,34.1,23810,34.1,99,37,7.4702701,10.8247416,9.8805787,11.2773165,14.3143174
"E07000042",4,89,24840,46.5,7.0010136,3.7841164,3.3889833,11.292486,4.8376614,53,24544.2,88,46,24544.2,46,24544.2,46,37,12,5.6382026,3.9930223,11.519217,9.4425973,4.9617107
"E07000043",5,88,22084,47.6,6.7814286,3.9850809,3.2035849,10.903416,5.1008236,23,21406.2,88,47.1,21406.2,47.1,21406.2,47.1,34,24,5.8727802,4.0193632,10.420826,9.7108724,4.9923274
"E07000044",4,97,25262,51.2,6.4876111,4.0906034,3.453074,10.670891,5.2414742,49,23993.6,96,50.5,23993.6,50.5,23993.6,50.5,42,9,5.1396939,4.2960591,11.593116,8.682319,5.3509954
"E07000045",11,197,23794,49.2,7.0030125,4.8114699,3.4328392,11.229416,6.2012168,50,22858.6,194,48.6,22858.6,48.6,22858.6,48.6,74,26,5.5653932,5.0744308,11.467825,9.1772338,6.3619008
"E07000046",2,69,22622,50.2,6.744758,3.182322,3.3172266,11.197707,4.039916,8,21861,68,49.4,21861,49.4,21861,49.4,21,16,5.6258022,3.6705805,10.87213,9.7029175,4.5492059
"E07000061",19,2336,26181,45.7,9.5527744,10.6692686,3.0593083,13.820396,14.548036,63,23872.6,2327,44.9,23872.6,44.9,23872.6,44.9,93,39,9.3773453,9.7524617,11.759843,13.624178,12.8085308
"E07000063",21,352,27060,47.7,9.7554344,12.0582035,3.0160911,14.530667,16.572611,94,27978.8,349,47.2,27978.8,47.2,27978.8,47.2,139,70,9.6846534,11.0909904,11.441548,14.452569,14.678283
"E07000066",63,1689,32954,39.3,11.392952,18.167649,3.6872902,16.614669,26.518565,221,31050.8,1673,39.5,31050.8,39.5,31050.8,39.5,351,145,10.804425,18.189628,10.8033665,16.026555,25.881148
"E07000067",28,248,32889,43.5,3.24960724,2.1549931,1.412330996,5.53599874,2.73893922,102,29742.6,247,43,29742.6,43,29742.6,43,150,81,10.2612966,11.6728812,11.992531,15.909495,15.557248
"E07000068",30,500,40998,43.3,3.24960724,2.1549931,1.412330996,5.53599874,2.73893922,107,42520,500,43.3,42520,43.3,42520,43.3,143,62,10.865376,16.547783,10.978728,16.589454,23.031353
"E07000069",27,1998,31942,46.9,10.321809,14.766062,4.1301228,14.892576,21.016725,89,28422,2007,46.7,28422,46.7,28422,46.7,99,54,9.8696977,14.451425,12.369334,14.589595,19.946812
"E07000070",47,523,31884,41.7,11.519376,16.208225,3.9586032,16.930769,23.179425,186,34181.8,517,41.6,34181.8,41.6,34181.8,41.6,285,100,10.893198,15.820256,11.02043,16.397975,21.969149
"E07000071",26,585,32774,37.9,11.099726,15.394256,3.9295471,16.197012,21.933111,106,29549.8,574,38.1,29549.8,38.1,29549.8,38.1,278,73,10.553737,14.486958,11.0917336,15.910501,19.884129
"E07000072",65,387,35185,42.7,10.946901,17.379737,3.7714663,16.301759,25.030891,235,36454.4,384,42.7,36454.4,42.7,36454.4,42.7,321,158,10.770344,16.199255,10.499471,16.411959,22.466074
"E07000073",38,2836,28669,37.5,10.691811,15.491037,4.0120848,15.747967,22.001155,158,27280.8,2814,37.4,27280.8,37.4,27280.8,37.4,240,64,10.328424,14.646809,10.711956,15.602346,20.052829
"E07000074",13,180,34872,48.7,10.695048,11.6340119,4.4732938,16.152613,16.013231,54,35998.4,178,48,35998.4,48,35998.4,48,61,27,10.0109266,11.3033299,12.706679,15.676423,15.087075
"E07000075",26,513,32303,46.1,10.762884,13.654381,4.2624479,16.319811,19.2474,83,31612.2,514,45.7,31612.2,45.7,31612.2,45.7,94,54,10.1034934,13.297038,12.673199,15.835545,18.168158
"E07000076",37,432,24841,50.4,10.1060267,9.0883916,4.6977376,15.808115,12.221089,119,24359.8,428,50,24359.8,50,24359.8,50,239,105,9.4568668,8.3853929,13.180653,15.53917,10.871376
"E07000077",16,139,43669,44,10.0611995,9.9835511,4.9240464,15.777565,13.559143,79,40109.2,136,43.7,40109.2,43.7,40109.2,43.7,121,40,9.6183207,9.283396,12.340784,15.836573,12.146907
"E07000078",37,2513,32972,40.2,9.918287,14.306349,3.2504543,14.312529,20.231531,173,29782.8,2507,39.8,29782.8,39.8,29782.8,39.8,254,108,9.7823787,12.6487166,8.4189213,14.347903,17.027794
"E07000079",14,76,31025,48.8,8.8701908,6.5570799,4.0573302,13.822258,8.6576622,77,28983.8,75,48.3,28983.8,48.3,28983.8,48.3,85,47,8.4783781,5.7545401,10.36799,13.764573,7.2725684
"E07000080",16,164,26008,47.9,8.1226083,6.1716458,3.7835082,11.761135,8.1014564,65,26139,163,47.4,26139,47.4,26139,47.4,62,36,7.7472725,5.5670709,10.158138,11.573183,7.0180787
"E07000081",31,3188,25840,38.9,10.022086,15.67164,3.0434719,14.604373,22.461307,144,24307.2,3159,38.6,24307.2,38.6,24307.2,38.6,305,105,9.8998636,13.924985,8.0505031,14.741141,18.981825
"E07000082",21,258,28761,46.4,9.1637619,10.6165786,3.5991186,13.194006,14.506387,111,29122.8,256,45.9,29122.8,45.9,29122.8,45.9,138,72,8.7936286,9.3267884,9.7886224,13.003305,12.165969
"E07000084",41,277,33830,41,9.2499382,9.1638706,4.8354456,14.314202,12.441034,430,33562.6,276,40.7,33562.6,40.7,33562.6,40.7,572,87,8.8966473,8.7213786,13.97597,14.168392,11.354077
"E07000085",22,235,40919,46.9,8.9174767,8.3576632,4.7283876,13.435123,11.231089,112,36411.2,233,46.3,36411.2,46.3,36411.2,46.3,234,56,8.6696677,7.9886517,13.802934,13.273945,10.329016
"E07000086",17,1653,28543,42.2,10.6083821,18.907158,3.5024819,15.34622,28.026492,115,28511.6,1639,42,28511.6,42,28511.6,42,178,64,10.5595776,17.224192,10.7257392,15.243437,24.227103
"E07000087",40,1567,33102,46.3,10.6996729,18.893767,3.4401412,15.559205,28.012382,106,30949.2,1559,45.7,30949.2,45.7,30949.2,45.7,130,76,10.5771411,16.889873,10.8429516,15.240265,23.667041
"E07000088",22,3363,25507,42.2,10.355404,22.297786,2.7791642,14.747404,35.360319,72,25691.2,3351,41.8,25691.2,41.8,25691.2,41.8,101,48,10.0079637,19.420024,9.5027105,14.180713,28.767979
"E07000089",20,447,41808,43.4,3.24960724,2.1549931,1.412330996,5.53599874,2.73893922,83,38916.4,443,42.9,38916.4,42.9,38916.4,42.9,115,40,9.3058363,11.3203007,12.440316,13.777085,15.04545
"E07000090",30,2272,27619,45.8,9.5868059,14.152813,3.7851217,13.887806,20.127177,122,27242.4,2232,45.5,27242.4,45.5,27242.4,45.5,137,78,9.4133959,13.111792,11.7303524,13.618123,17.878951
"E07000091",27,239,27106,50.4,8.4224178,9.3252266,4.5598805,12.222616,12.662196,135,26958,239,49.6,26958,49.6,26958,49.6,142,90,8.2879533,8.9320178,13.501277,12.030217,11.628505
"E07000092",14,2437,33288,38.3,9.8273507,13.480369,3.8891023,13.993821,18.902288,151,29942.4,2442,37.7,29942.4,37.7,29942.4,37.7,355,65,9.9326381,13.147771,11.556709,14.147054,17.817997
"E07000093",15,199,32490,44.9,8.7858634,8.307563,5.0421453,13.433239,11.231053,133,31460.4,196,44.6,31460.4,44.6,31460.4,44.6,210,73,8.4999448,8.0586544,14.446883,13.252569,10.434156
"E07000095",37,1883,35279,40.1,10.280227,14.742437,4.0681202,15.249975,20.74261,119,32874.4,1879,40.1,32874.4,40.1,32874.4,40.1,139,63,10.2505087,13.8009,10.842063,15.414835,18.7203
"E07000096",44,726,34227,40.6,9.7689412,11.6928945,4.1460475,14.327163,16.101761,172,35703.8,718,40.5,35703.8,40.5,35703.8,40.5,230,97,9.7233982,10.8799886,10.832739,14.57333,14.40808
"E07000098",74,1030,38523,40.7,10.613794,16.625369,3.726365,15.592626,23.845729,252,35321,1026,40.4,35321,40.4,35321,40.4,314,152,10.419127,15.103082,10.2512001,15.678257,20.760393
"E07000099",20,355,33290,42.1,10.321385,14.056329,4.250129,15.861254,19.728871,99,33933.2,353,41.8,33933.2,41.8,33933.2,41.8,115,59,10.1532783,12.778806,10.267245,16.11146,17.173255
"E07000103",38,4515,32829,36.7,11.012944,19.558829,3.2907271,15.816791,28.797299,198,33002.8,4499,36.1,33002.8,36.1,33002.8,36.1,338,95,11.186909,18.448045,9.0680457,16.200933,26.124575
"E07000105",17,223,29591,41.9,11.277621,14.479775,3.7999864,16.675207,20.389283,160,28474.6,218,41.8,28474.6,41.8,28474.6,41.8,425,56,10.751593,14.322889,11.862994,16.145902,19.589059
"E07000106",30,533,28993,38,10.839397,13.025307,4.2144483,15.863589,18.149477,148,28754.4,525,38.2,28754.4,38.2,28754.4,38.2,301,71,10.2879434,12.450438,12.714795,15.437059,16.761355
"E07000107",29,1508,32715,37.3,12.390539,22.617026,3.0078758,18.139129,34.126918,274,30525,1468,37.5,30525,37.5,30525,37.5,419,85,12.671152,22.581093,8.8504795,18.579904,33.327713
"E07000108",24,371,27654,46.4,9.8843864,14.014635,3.9706689,14.296356,19.893886,85,25813.8,366,45.9,25813.8,45.9,25813.8,45.9,191,55,9.2830064,12.445722,12.340555,13.6668,16.870737
"E07000109",28,1074,28460,39.6,10.886708,15.129054,3.9667992,16.246505,21.455689,140,27008.2,1071,39.3,27008.2,39.3,27008.2,39.3,210,65,10.4452832,15.548436,11.900027,15.951771,21.583543
"E07000110",24,432,30868,41.4,11.719102,16.014888,3.7436851,16.810951,22.821353,152,30557.4,424,41.5,30557.4,41.5,30557.4,41.5,283,78,11.33407,15.634395,11.785025,16.441622,21.634813
"E07000111",32,326,40393,44.1,10.2165619,12.369533,3.979659,14.829209,17.068558,129,41475,323,43.9,41475,43.9,41475,43.9,141,75,9.8675435,11.530704,12.743179,14.459581,15.365029
"E07000112",16,316,26383,46.9,9.6423459,8.0753207,4.373952,14.946872,10.763732,80,26255.6,312,46.2,26255.6,46.2,26255.6,46.2,178,51,8.9702158,8.0479912,13.734235,14.437153,10.419863
"E07000113",33,397,28864,41.3,10.129843,13.628724,4.2531002,14.62343,19.260255,137,26513.8,390,41.5,26513.8,41.5,26513.8,41.5,187,79,9.6430254,12.344336,13.227106,14.190754,16.675418
"E07000114",31,1372,22388,44.7,10.2376342,10.3304072,4.5274586,15.968623,14.079702,170,22004,1358,44.3,22004,44.3,22004,44.3,421,101,9.4693485,10.397689,12.992172,15.369601,13.786716
"E07000115",17,543,36707,42.3,9.9199545,10.3757451,4.2284939,14.399125,14.081485,101,35477,534,42.2,35477,42.2,35477,42.2,150,36,9.3572421,10.399302,13.393378,13.878189,13.737099
"E07000116",14,356,36271,43,10.510747,11.8010358,3.6215053,14.959357,16.239154,89,36367.6,355,42.4,36367.6,42.4,36367.6,42.4,87,35,10.3658395,11.3745237,12.293687,14.852275,15.161567
"E07000117",20,800,23695,39.9,8.8651545,14.841912,1.9863167,12.477098,21.029763,100,23646.4,794,40,23646.4,40,23646.4,40,145,39,8.038454,13.0862679,4.064852,11.4627556,17.706813
"E07000118",17,576,27728,43.4,9.0116339,15.684601,1.9790293,13.568833,22.251993,128,25233,567,43,25233,43,25233,43,275,65,8.0273787,13.646421,4.2202382,12.399716,18.456619
"E07000119",16,481,32034,50.1,7.5979986,10.4060525,2.4502208,11.740929,14.112058,69,28842.8,475,49.3,28842.8,49.3,28842.8,49.3,154,49,6.8352074,9.761127,4.9217112,10.983877,12.773518
"E07000120",11,1107,25439,39.7,8.4967408,15.049188,1.9872576,12.447394,21.260471,65,23059.6,1103,39.9,23059.6,39.9,23059.6,39.9,102,34,8.1531324,12.82756,4.1590016,11.923051,17.248557
"E07000121",24,250,27394,39.7,3.24960724,2.1549931,1.412330996,5.53599874,2.73893922,481,26252.8,251,40,26252.8,40,26252.8,40,666,49,7.3813778,11.3134675,4.4492269,10.7710447,15.038448
"E07000122",21,540,27708,39.7,7.1201836,9.4502235,2.4406555,10.1076964,12.755026,79,25041.4,536,39.6,25041.4,39.6,25041.4,39.6,119,44,6.671892,8.3436411,4.7790488,9.5685891,10.8042114
"E07000123",25,997,24298,35.2,8.3425108,15.439533,2.0370427,12.297666,21.879239,157,23606.8,993,35.2,23606.8,35.2,23606.8,35.2,351,59,8.1142757,13.641234,4.3019607,11.970218,18.463375
"E07000124",6,103,32436,47.9,6.3708318,6.248561,2.6419096,9.1870519,8.1885755,43,31469.8,102,47.1,31469.8,47.1,31469.8,47.1,61,18,5.8716342,5.7735177,5.1869038,8.6376488,7.2999064
"E07000125",5,514,26771,42.5,7.2265972,10.557919,2.1695308,10.567473,14.359186,46,25508.2,509,42.2,25508.2,42.2,25508.2,42.2,128,29,6.7001243,9.0732921,4.3900939,9.8903131,11.800511
"E07000126",16,979,26452,44.3,7.6042069,10.8294187,2.3577752,11.728199,14.7225,90,26826.2,973,43.8,26826.2,43.8,26826.2,43.8,164,50,7.1073914,9.5995921,4.8277758,11.164619,12.523162
"E07000127",30,329,28809,44.4,8.1955597,9.2144377,2.5140361,13.286536,12.4083472,170,27033.6,327,44.1,27033.6,44.1,27033.6,44.1,320,85,7.3310162,8.4341746,5.1907431,12.650083,10.9477787
"E07000128",12,394,24317,49.5,3.89174814,2.6605831,1.429549248,6.9333728,3.37835524,116,24286.2,391,48.8,24286.2,48.8,24286.2,48.8,221,50,6.2798827,6.315037,5.3170502,10.4496938,8.0132381
"E07000129",14,770,28477,43,10.2119442,15.870884,2.8316552,15.287715,22.759546,80,28003.6,755,43.1,28003.6,43.1,28003.6,43.1,98,38,9.3989527,13.556571,3.965564,14.569436,18.396489
"E07000130",30,655,27129,38.5,10.303407,15.553074,2.7941931,15.507245,22.354022,98,25849.6,642,38.8,25849.6,38.8,25849.6,38.8,137,64,9.1047368,13.694956,4.1746318,14.328625,18.689423
"E07000131",14,156,33651,46.1,9.3149541,9.8713672,3.3334919,14.226917,13.486069,61,33931,154,45.5,33931,45.5,33931,45.5,79,39,8.589987,7.8112756,4.0134597,13.804369,10.0855133
"E07000132",18,378,25750,45,9.5840676,10.1458539,3.2828146,14.733703,13.846556,98,25293,372,44.7,25293,44.7,25293,44.7,159,55,8.3474618,8.6530044,5.5974094,13.673197,11.25171
"E07000133",14,106,24053,47.1,9.4569266,8.9690523,3.3899147,14.861503,12.1342,38,23213.4,106,46.2,23213.4,46.2,23213.4,46.2,25,19,8.3378857,7.2030487,4.9129033,14.000905,9.2460974
"E07000134",27,366,28006,43.9,10.53115,12.54205,2.9951716,15.911361,17.429727,89,25631.6,356,43.7,25631.6,43.7,25631.6,43.7,107,48,8.6505131,10.7209861,4.974944,14.061202,14.164932
"E07000135",18,2425,23642,42.7,10.0606786,15.605405,2.820079,14.763987,22.456092,59,22876.8,2403,42.9,22876.8,42.9,22876.8,42.9,94,37,9.3275054,13.037681,3.8307437,14.19251,17.682746
"E07000136",10,190,21573,41.8,3.24960724,2.1549931,1.412330996,5.53599874,2.73893922,69,20173.4,187,42.1,20173.4,42.1,20173.4,42.1,162,23,9.5184516,12.190581,7.5537968,15.386459,16.464751
"E07000137",12,80,23634,52,9.2660427,9.1349216,3.9292632,15.652028,12.352491,65,23550,79,51.2,23550,51.2,23550,51.2,81,33,8.6610455,8.4153666,7.6649797,15.652248,10.960846
"E07000139",19,126,28639,46.1,9.7743157,9.3287095,3.4687974,16.468816,12.642422,94,26479,124,45.7,26479,45.7,26479,45.7,76,38,8.9241434,7.9292395,6.4348965,16.195458,10.258637
"E07000140",12,125,25558,46.2,9.8966279,12.8819172,4.6146346,14.064772,18.329473,55,24331.6,124,45.9,24331.6,45.9,24331.6,45.9,92,25,9.4540104,8.1675474,8.625842,16.438921,10.5739563
"E07000141",12,150,25972,46.2,9.6138735,8.7014101,3.6700565,15.795781,11.742982,77,26294.2,149,45.4,26294.2,45.4,26294.2,45.4,86,39,8.7778288,7.1225922,6.1275966,15.458568,9.1421749
"E07000143",11,107,23143,46.4,9.581935,7.8169579,5.2662686,15.493535,10.437548,89,21829.6,105,45.8,21829.6,45.8,21829.6,45.8,140,53,9.4034464,6.6933411,11.516794,15.979686,8.5530648
"E07000144",13,234,26363,48,9.8989421,10.7809457,4.7336051,15.533349,14.775376,76,24375.8,232,47.6,24375.8,47.6,24375.8,47.6,85,37,9.4708456,9.4754409,9.8803727,15.494778,12.423319
"E07000145",16,570,21918,45.7,10.4891346,16.568495,3.8975666,14.927307,24.66913,111,21479.8,568,45,21479.8,45,21479.8,45,149,32,9.864456,19.402543,8.030482,14.415765,29.414189
"E07000146",32,106,24498,47.4,10.0427601,10.1619828,4.9086044,16.204706,13.859126,160,23317,105,46.7,23317,46.7,23317,46.7,445,93,9.7674029,8.2669646,10.647008,16.568682,10.7110415
"E07000147",13,109,21427,53.8,9.6689377,8.279963,4.8650813,15.777459,11.094444,56,20872.4,108,53.1,20872.4,53.1,20872.4,53.1,46,32,9.1490346,7.26652,9.0773417,15.820883,9.3405997
"E07000148",1,3617,25987,33.3,11.113186,17.252489,3.9653211,16.06388,25.073305,78,24420.4,3573,33.6,24420.4,33.6,24420.4,33.6,89,12,10.567116,15.67663,8.914201,15.797127,21.767669
"E07000149",11,152,28675,46.2,9.8403229,8.5639522,5.3235359,16.030877,11.494946,72,27186.8,149,46,27186.8,46,27186.8,46,127,30,9.3307956,7.7018246,12.364633,15.911635,9.9355458
"E07000150",8,882,22986,37.4,9.6900568,14.527602,2.9482488,14.205066,20.685425,47,22833.8,858,37.3,22833.8,37.3,22833.8,37.3,63,26,9.288019,11.919235,3.6010628,14.095892,15.979994
"E07000151",16,128,31238,45.1,9.6736437,12.1638318,3.3544832,14.172332,16.895745,68,31751.2,124,45.1,31751.2,45.1,31751.2,45.1,62,44,9.2167967,10.3685578,5.7877538,13.954005,13.6826673
"E07000152",27,184,32021,44.6,9.4734474,9.6994428,3.6586538,14.666836,13.206268,84,29254,181,44,29254,44,29254,44,101,60,9.022559,8.0025044,5.54034,14.659196,10.3448439
"E07000153",16,434,27304,41.2,3.24960724,2.1549931,1.412330996,5.53599874,2.73893922,100,26343.2,426,41.1,26343.2,41.1,26343.2,41.1,119,38,10.3777428,16.571681,3.5855336,15.896916,23.258172
"E07000154",49,2787,27777,37.2,11.312459,19.66451,2.6819202,17.133576,29.361289,260,26521.4,2765,36.8,26521.4,36.8,26521.4,36.8,282,144,10.653191,17.325823,4.709371,16.722068,24.464075
"E07000155",13,146,33455,45.2,9.3128265,8.3160304,4.0215197,14.288958,11.153479,82,32248.4,144,44.9,32248.4,44.9,32248.4,44.9,78,36,8.8761595,7.3084967,8.1039968,14.178386,9.3782932
"E07000156",11,487,23647,41.9,10.79627,15.505281,3.1046818,16.3624,22.172985,68,25940.8,481,41.8,25940.8,41.8,25940.8,41.8,58,38,10.211822,13.16222,5.1192366,16.150096,17.800439
"E07000164",18,70,27639,49.4,7.7540158,6.6683403,3.6268909,12.795118,8.7648561,98,26152.2,69,48.5,26152.2,48.5,26152.2,48.5,123,52,7.1574539,5.9157971,6.6149017,12.472502,7.4832333
"E07000168",17,133,22600,49.7,8.2583226,10.1287084,3.8261995,12.406868,13.74591,85,21689.4,133,48.9,21689.4,48.9,21689.4,48.9,174,51,7.4492203,8.8684125,6.962021,11.803759,11.5473635
"E07000169",8,149,32728,44.6,9.1211125,12.1740283,2.9369958,14.418024,16.978258,42,28651.6,147,44.3,28651.6,44.3,28651.6,44.3,72,22,8.3397476,10.1425978,5.5741061,14.019654,13.40106
"E07000170",37,1161,25083,42.1,4.13760736,3.0250346,1.325921184,7.50008666,3.87725938,95,23409.8,1144,42.1,23409.8,42.1,23409.8,42.1,202,94,5.784064,6.3213069,2.8665758,9.2468985,8.0264438
"E07000171",10,183,24794,45.6,9.677308,11.249064,2.72865,15.97695,15.54591,85,24324.4,182,45.1,24324.4,45.1,24324.4,45.1,130,38,8.8716471,9.0156892,5.1014295,15.635264,11.776149
"E07000172",24,1414,32044,43.2,10.674894,20.008146,2.14857,15.985498,29.665017,109,30635.8,1406,43.1,30635.8,43.1,30635.8,43.1,175,69,9.3893937,17.527299,3.9249648,14.671669,24.574007
"E07000174",33,1419,21600,42.1,3.24960724,2.1549931,1.412330996,5.53599874,2.73893922,81,20980.8,1407,42,20980.8,42,20980.8,42,88,51,8.5082244,14.491803,4.1530877,13.163788,19.868636
"E07000175",24,187,27586,45.2,9.9743482,9.8192974,2.9790647,16.732959,13.363538,87,25716.2,185,44.8,25716.2,44.8,25716.2,44.8,89,56,8.7551,8.1105704,5.3886375,15.959993,10.493519
"E07000176",17,288,36684,43.9,10.4367991,11.253029,3.0743949,16.928387,15.494899,90,34675.6,284,43.8,34675.6,43.8,34675.6,43.8,128,54,8.9137833,9.4633138,5.0353042,15.747087,12.37408
"E07000177",28,253,31298,41.1,9.9562153,11.833163,3.8808975,15.528167,16.335988,179,29596.6,250,40.8,29596.6,40.8,29596.6,40.8,287,88,9.5760611,10.4119044,8.9598801,15.453203,13.709844
"E07000178",22,3384,30401,29,10.662325,18.305772,3.1906534,15.544048,27.148488,291,29763.2,3385,29.9,29763.2,29.9,29763.2,29.9,422,61,10.602193,16.120844,9.1636407,15.678663,22.594844
"E07000179",23,207,40886,44.3,9.4013929,9.613686,4.1927314,13.892541,13.078413,164,40011.4,206,43.8,40011.4,43.8,40011.4,43.8,209,73,9.2575348,8.8402162,12.095107,13.987896,11.528481
"E07000180",51,232,35462,42.6,9.2817024,8.2158054,4.3960256,14.163289,11.038528,145,32882.2,225,42.7,32882.2,42.7,32882.2,42.7,214,98,9.0199695,7.5270212,12.304048,14.19085,9.6868932
"E07000181",27,154,28948,44.4,9.040846,7.3019099,4.2307193,13.558891,9.7236099,121,30255,153,43.8,30255,43.8,30255,43.8,206,84,8.8613308,6.4335314,11.113693,13.706867,8.1947351
"E07000187",7,155,25863,46.6,8.5891756,7.2393265,3.1787673,12.921275,9.6068622,20,25179.4,153,45.9,25179.4,45.9,25179.4,45.9,13,16,8.0167869,6.1785447,11.214842,12.359193,7.8218786
"E07000188",11,218,26472,46.5,8.4573298,11.1966427,2.7907484,13.2253,15.298671,77,25781,215,45.9,25781,45.9,25781,45.9,101,38,7.688114,9.6641727,9.5521851,12.215063,12.5824763
"E07000189",12,175,23211,47.2,8.1880541,5.8873844,3.285029,12.585442,7.7110851,55,22600,174,46.6,22600,46.6,22600,46.6,58,36,7.3631671,4.8547767,11.685855,11.650063,6.0750603
"E07000192",32,1269,25444,42.6,9.1036424,12.907457,2.9847768,13.256596,17.986303,107,24538.2,1258,42.3,24538.2,42.3,24538.2,42.3,144,55,8.2378354,10.7898962,6.383807,12.350286,14.255215
"E07000193",36,306,26344,42.1,8.25616,8.7085594,2.8926009,12.246886,11.700859,133,24736,303,41.9,24736,41.9,24736,41.9,249,119,6.9929202,7.1513941,5.8427943,10.880509,9.1523867
"E07000195",27,614,24887,41.9,8.8076351,15.898776,2.2040724,13.293013,22.691264,104,22826,607,42,22826,42,22826,42,244,80,7.9022031,13.74539,4.9556304,12.19967,18.6336
"E07000196",37,275,30398,47.7,8.451,7.9715819,3.7268697,13.174496,10.628347,173,27995.2,274,47.1,27995.2,47.1,27995.2,47.1,192,76,7.6126542,6.7629918,8.3788569,12.54158,8.6141799
"E07000197",21,227,28083,45.2,9.155713,14.210172,2.8142325,13.367599,19.964419,88,27272.4,224,44.8,27272.4,44.8,27272.4,44.8,228,65,7.9782028,11.983991,6.2038892,12.043454,15.982206
"E07000198",17,171,26212,48.2,7.626138,8.4151368,2.5558981,10.990658,11.278959,61,24923.6,171,47.5,24923.6,47.5,24923.6,47.5,119,42,6.3948676,7.1949821,5.0339112,9.4947575,9.2197896
"E07000199",26,2485,25739,41.2,4.13760736,3.0250346,1.325921184,7.50008666,3.87725938,105,24806.2,2491,40.9,24806.2,40.9,24806.2,40.9,117,46,9.0045727,14.40302,5.3797339,13.801214,19.723768
"E07000200",12,154,36313,48.5,9.9886081,7.9578832,5.1125835,15.818975,10.608686,46,32564,153,47.7,32564,47.7,32564,47.7,83,45,9.5345837,7.3970374,12.841154,15.880561,9.5144684
"E07000202",30,3480,24883,37.8,11.567629,16.306526,4.0732284,16.649601,23.53167,111,24221.6,3483,37.4,24221.6,37.4,24221.6,37.4,310,88,10.893449,14.72323,10.6772616,16.217853,20.298459
"E07000203",16,118,27972,47.6,10.1810403,8.2233424,5.3337517,16.68442,10.995855,55,28820,117,46.8,28820,46.8,28820,46.8,107,43,9.6237849,7.5438629,12.827114,16.428467,9.7187061
"E07000207",40,1437,47817,42.7,8.9271719,9.9542568,3.6542655,13.839651,13.49851,168,46842.2,1431,42,46842.2,42,46842.2,42,183,84,8.1352052,8.5131815,8.3376262,13.195599,11.0115339
"E07000209",19,546,39178,37.5,10.2774316,15.66357,3.6082187,14.822975,22.401861,179,37871.8,541,37.7,37871.8,37.7,37871.8,37.7,287,61,10.3455091,14.574467,10.9811282,14.93493,19.982291
"E07000210",38,338,39720,47.1,10.3021198,11.6671827,3.8559538,15.110877,16.047074,144,38514.8,337,46.3,38514.8,46.3,38514.8,46.3,203,76,9.8760692,11.2180087,11.963751,14.455,14.917614
"E07000211",80,1144,42621,41.4,10.812777,17.75493,3.2936665,16.012884,25.586707,287,38388,1129,41.2,38388,41.2,38388,41.2,479,146,10.715803,16.469585,10.3077614,15.924102,22.816399
"E07000212",22,1128,34344,38,10.6711982,20.784235,3.1713753,15.477611,30.997996,93,33738.2,1110,38.7,33738.2,38.7,33738.2,38.7,166,52,10.6889649,19.038977,9.2548864,15.50773,27.151501
"E07000213",34,2213,32146,41.7,10.86214,19.103888,3.2036342,15.57228,28.239201,99,33040,2204,41.6,33040,41.6,33040,41.6,167,70,11.212389,18.081148,9.5234919,16.050293,25.732069
"E07000214",10,935,41945,43.8,10.2344196,15.766502,3.722238,14.613626,22.539258,120,37607,932,43.2,37607,43.2,37607,43.2,221,54,10.4242821,14.642458,10.9484798,14.836023,20.073708
"E07000215",23,353,40378,44.2,10.1610957,13.908279,3.6686092,15.28677,19.471037,110,35366,350,44,35366,44,35366,44,164,58,9.8523341,12.616632,11.6931549,14.977486,16.974821
"E07000216",25,364,44350,44.6,7.65487128,21.1822004,0.293697542,11.945674,32.0081662,118,42860.2,362,44.2,42860.2,44.2,42860.2,44.2,228,93,9.1972507,10.0050466,12.664586,13.37168,13.16778
"E07000217",13,1591,35379,40.8,10.534005,14.904973,3.7213105,14.83874,21.099469,89,37206,1589,40.1,37206,40.1,37206,40.1,154,46,10.740498,14.090442,11.069624,15.109212,19.212868
"E07000218",19,228,28676,45.6,9.4959892,13.039983,3.0591863,14.192381,18.20341,89,26202.8,224,45.4,26202.8,45.4,26202.8,45.4,152,59,8.4572013,11.128128,5.8977837,13.255162,14.752129
"E07000219",45,1633,25406,41.4,10.245468,16.863327,2.7985533,15.189338,24.371799,187,24776.4,1622,41.5,24776.4,41.5,24776.4,41.5,268,83,9.5396963,14.862438,4.9190391,14.551446,20.424363
"E07000220",15,305,31943,41.3,9.8936037,15.232806,2.997353,14.650182,21.75272,80,31733.4,302,41.4,31733.4,41.4,31733.4,41.4,119,41,9.5703945,13.1716702,4.9845311,14.655344,17.886829
"E07000221",28,130,34261,48.1,9.0636532,7.7470466,3.9108883,13.740426,10.3326976,158,32372.4,128,47.9,32372.4,47.9,32372.4,47.9,286,120,8.5810362,6.8877213,8.0987178,13.539134,8.8021139
"E07000222",29,504,36839,39.8,3.24960724,2.1549931,1.412330996,5.53599874,2.73893922,147,33907.4,497,40,33907.4,40,33907.4,40,215,67,9.2493587,13.902664,6.1577465,14.015872,18.898402
"E07000224",14,723,27380,49.4,9.1787347,10.9285551,4.8996236,13.250485,15.131811,56,26011.2,714,48.8,26011.2,48.8,26011.2,48.8,62,37,9.166021,9.1268195,12.479758,14.029478,11.912453
"E07000225",22,154,29877,48.9,10.1046454,12.989034,3.7405799,14.728751,18.211167,68,28586.2,152,48.3,28586.2,48.3,28586.2,48.3,83,55,9.9281867,11.8730656,11.928113,14.529399,15.93831
"E07000226",21,2500,27167,37.2,10.6062813,16.557339,2.9642712,15.319554,24.110762,111,27730.8,2479,36.6,27730.8,36.6,27730.8,36.6,174,54,10.941235,16.123662,10.1483448,15.699439,22.720044
"E07000228",41,448,36282,43.7,9.4756255,9.7996951,3.4140617,14.007165,13.228718,168,32283.4,443,43.3,32283.4,43.3,32283.4,43.3,267,114,9.4908444,9.3773434,12.189279,14.087437,12.249627
"E07000229",9,3383,30228,44.8,10.2770821,13.2288513,3.1817355,14.655489,18.525068,71,27540,3357,44.4,27540,44.4,27540,44.4,160,52,10.2305364,12.1840395,11.3049713,14.545395,16.406734
"E07000234",37,455,32175,45.5,9.5877722,15.791803,3.0353748,14.209338,22.440778,140,30355.2,449,45.4,30355.2,45.4,30355.2,45.4,216,89,8.8782397,14.004028,6.8931782,13.596646,18.958695
"E07000235",14,135,26325,50.5,8.6462382,6.7988316,3.8930086,13.472441,8.9764863,75,25475.6,134,49.8,25475.6,49.8,25475.6,49.8,103,38,7.874117,5.8241849,8.9067968,13.010724,7.357882
"E07000236",17,1567,23406,40.1,9.2285461,13.162927,3.2564635,13.394421,18.315006,98,22028.6,1567,39.8,22028.6,39.8,22028.6,39.8,196,37,8.6420658,11.852771,7.2636956,12.935027,15.760239
"E07000237",13,3062,26961,38.3,3.24960724,2.1549931,1.412330996,5.53599874,2.73893922,100,27553.8,3051,38.1,27553.8,38.1,27553.8,38.1,211,43,8.8729082,11.8226168,7.6828041,13.391686,15.790446
"E07000238",31,192,28504,48,8.6770238,7.9089203,3.8105957,13.173087,10.544087,126,27020.8,188,47.5,27020.8,47.5,27020.8,47.5,213,79,8.0272402,6.6407805,8.7935732,12.733897,8.4514092
"E07000239",32,517,25626,46.5,9.4023214,13.059329,3.3758563,13.715802,18.218444,113,23799,513,46,23799,46,23799,46,210,83,8.6081771,11.1123599,7.847974,12.958165,14.726346
"E07000240",36,914,52906,40.9,10.660403,17.354005,3.6516622,15.493258,25.007577,213,48106,911,40.4,48106,40.4,48106,40.4,230,99,10.573935,15.706825,9.715358,15.693035,21.638913
"E07000241",39,948,31020,35.4,10.7221944,17.903854,3.6823186,15.878081,25.945596,90,29805.4,929,35.6,29805.4,35.6,29805.4,35.6,107,71,10.5723525,16.070964,9.7289585,15.968388,22.225995
"E07000242",34,311,45546,42.6,9.8879477,10.2306645,4.7390157,15.124446,13.890812,135,38531.2,308,42.1,38531.2,42.1,38531.2,42.1,177,82,9.5925968,9.583104,11.823427,15.203947,12.539169
"E07000243",4,3379,29805,38.1,10.734326,18.591881,3.6122319,15.869643,27.306818,93,27626.4,3358,38.1,27626.4,38.1,27626.4,38.1,138,42,10.4266729,17.170508,9.0286572,15.747183,24.141038
"E08000001",62,2041,24501,38.8,9.4970104,22.618238,1.3381554,13.969397,34.359459,388,23362.8,2031,38.9,23362.8,38.9,23362.8,38.9,822,218,8.9289201,19.75043,3.1095979,13.107297,28.408498
"E08000002",51,1911,27123,40.4,9.2414083,18.704883,3.4039693,13.156281,29.492665,289,26665.2,1901,40.5,26665.2,40.5,26665.2,40.5,547,149,10.4314023,12.5295546,11.1161706,16.494102,16.87784
"E08000003",106,4735,25239,30,9.6532847,28.617765,0.74548939,14.499879,46.526342,682,23857.6,4664,30.1,23857.6,30.1,23857.6,30.1,1208,281,8.6891718,25.412646,2.0997918,13.380661,39.087916
"E08000004",75,1655,23601,37.1,3.24960724,2.1549931,1.412330996,5.53599874,2.73893922,434,23172.2,1636,37.1,23172.2,37.1,23172.2,37.1,705,194,8.6732873,19.349643,2.8871747,12.880071,27.689143
"E08000005",71,1391,24755,38.1,8.9145562,19.893211,1.4934771,13.186888,29.451479,316,24113.6,1375,38.2,24113.6,38.2,24113.6,38.2,560,152,8.2323096,17.182215,3.2144943,12.16436,24.111816
"E08000006",137,2617,24908,35,9.5866614,24.59471,1.13617435,14.266425,38.333762,410,24212.4,2571,35.1,24212.4,35.1,24212.4,35.1,729,253,9.0232326,22.153442,2.5871599,13.418279,32.869529
"E08000007",100,2315,30372,42.5,9.5657031,23.957571,1.18486088,14.055134,36.838261,475,28246.2,2302,42.6,28246.2,42.6,28246.2,42.6,812,244,8.9898207,20.995895,2.7404222,13.206551,30.488986
"E08000008",75,2183,23571,40.2,9.3104403,21.497458,1.2919904,13.477492,32.516094,279,22479.2,2167,40.5,22479.2,40.5,22479.2,40.5,429,170,8.6514489,18.800725,2.8926334,12.529759,26.920691
"E08000009",46,2229,36338,40.6,8.3061348,15.9379,1.8040441,12.348092,22.744773,375,33052.2,2214,40.5,33052.2,40.5,33052.2,40.5,587,151,7.7273553,14.219158,3.9327126,11.602486,19.385825
"E08000010",52,1733,25597,42.2,8.4494072,17.031253,1.8439193,12.420801,24.729791,359,24280.8,1724,42,24280.8,42,24280.8,42,998,222,7.7990023,14.177818,4.1612556,11.681756,19.350478
"E08000011",24,1729,25101,39.6,8.9852059,18.176605,1.9399015,13.618129,26.374337,296,23780.8,1716,40.2,23780.8,40.2,23780.8,40.2,539,96,8.6083893,15.828593,4.3185066,13.240367,21.869967
"E08000012",213,4424,25557,34.7,8.6602219,23.244769,1.5150306,12.837555,35.826435,897,24875,4363,34.9,24875,34.9,24875,34.9,1368,466,8.4927414,23.095462,3.269976,12.620024,34.919035
"E08000013",35,1320,25877,43,8.9779252,19.437595,1.7095407,13.07929,28.980031,376,24381.6,1312,42.9,24381.6,42.9,24381.6,42.9,764,138,8.5124498,16.71006,3.963692,12.502799,23.468744
"E08000014",89,1777,25897,46.4,8.2370875,13.0655891,2.3364092,12.637636,18.193959,477,24600.2,1755,45.9,24600.2,45.9,24600.2,45.9,846,220,7.8434879,11.8386465,4.9504806,12.348928,15.834673
"E08000015",116,2058,26766,44.3,7.542381,11.0441756,2.6059577,11.817689,15.052657,551,26440.2,2005,44,26440.2,44,26440.2,44,977,304,7.24246,10.1227486,5.8842725,11.600578,13.285352
"E08000016",55,745,25394,42.5,8.4585658,16.920314,1.70269852,12.589036,24.890707,336,23872.4,737,42.4,23872.4,42.4,23872.4,42.4,600,132,7.6343962,13.251502,3.6131819,11.709394,17.927878
"E08000017",35,547,24590,41.3,9.4300426,19.454632,1.8918504,14.401686,28.936415,231,23357.2,543,41.3,23357.2,41.3,23357.2,41.3,470,117,8.7798322,16.598485,3.7860217,13.857812,23.213808
"E08000018",55,924,24152,42.1,9.5106935,23.773429,1.2453332,14.040769,37.429849,350,23240.4,917,42.2,23240.4,42.2,23240.4,42.2,685,197,8.3961043,19.854006,2.8590254,12.706694,28.900033
"E08000019",115,1583,25706,35.4,8.8728069,22.23027,1.3158125,13.043908,34.169547,1306,24071.8,1564,35.7,24071.8,35.7,24071.8,35.7,2019,381,7.7724801,19.432648,2.7455816,11.806542,28.123089
"E08000021",66,2646,28350,32.4,7.72750854,21.9876402,1.3767015,11.6691987,33.1724586,570,26268.6,2603,32.8,26268.6,32.8,26268.6,32.8,913,157,7.1934414,20.452407,2.6728198,11.245497,29.591967
"E08000022",27,2502,27296,43.4,7.5214416,15.629445,1.901577836,11.8279016,22.1908128,299,25197,2485,43.2,25197,43.2,25197,43.2,443,84,6.9449698,14.230577,3.4313706,11.391079,19.371694
"E08000023",31,2334,25656,43.5,7.61796332,17.678519,1.824733786,11.5972192,25.7544706,218,24717.6,2321,43.5,24717.6,43.5,24717.6,43.5,499,90,7.0344746,15.970373,3.4896956,11.025825,22.29277
"E08000024",114,2018,23743,42.2,7.63110846,17.5725842,1.988183868,11.6533856,25.4057448,631,23233,2017,42.2,23233,42.2,23233,42.2,1166,260,7.0911691,16.356763,3.700932,11.162952,22.823846
"E08000025",501,4262,26332,32.6,11.741391,30.600169,1.12312,17.405468,51.074462,1866,24941.2,4209,32.7,24941.2,32.7,24941.2,32.7,2587,979,10.527839,27.679561,3.0217246,16.073359,43.649408
"E08000026",106,3718,27628,32.1,11.065929,23.607412,2.0759364,16.039636,36.588115,402,25544.2,3600,32.7,25544.2,32.7,25544.2,32.7,550,223,10.6530602,21.114116,4.1627607,15.817792,31.004161
"E08000027",120,3273,25792,42.1,10.847312,21.674546,2.2796814,15.6997,32.778235,441,24766.8,3252,42.2,24766.8,42.2,24766.8,42.2,657,240,10.2322432,19.22338,5.423111,15.038477,27.558347
"E08000028",139,3826,23451,36.5,11.966264,27.22039,1.5492214,17.45255,43.768543,566,22550.6,3778,36.4,22550.6,36.4,22550.6,36.4,856,278,10.905681,24.758895,3.8900436,16.221322,37.76413
"E08000029",82,1205,33596,43.3,10.088001,20.786076,2.4259686,14.624664,31.183037,348,31585.6,1195,43.4,31585.6,43.4,31585.6,43.4,520,214,9.2800809,17.814183,5.3242862,13.825249,25.062294
"E08000030",136,2725,22988,38.2,11.50158,23.627712,1.974055,16.837314,36.455679,564,22007.4,2691,38.6,22007.4,38.6,22007.4,38.6,855,289,10.722569,21.093945,4.6219766,16.05327,30.838557
"E08000031",142,3773,23714,37.7,10.7603444,23.012566,2.0510155,15.580035,35.536401,451,23561,3724,37.8,23561,37.8,23561,37.8,710,246,9.7361492,20.571122,4.9985454,14.572029,30.10562
"E08000032",103,1466,25263,36.2,9.8035762,22.956835,1.3914689,14.273631,35.237531,413,24019,1456,35.8,24019,35.8,24019,35.8,851,305,9.4205312,20.794409,2.9698339,13.762563,30.371567
"E08000033",36,577,25656,42.2,7.0488651,9.6963522,2.1705286,10.1384644,13.123227,142,24800.2,575,42,24800.2,42,24800.2,42,180,89,6.4700874,8.3228209,4.3205299,9.4122585,10.7718206
"E08000034",85,1074,25982,39.4,8.743591,18.24934,1.5824209,12.684634,26.964693,321,24890,1066,39.2,24890,39.2,24890,39.2,441,204,8.2412255,16.293179,3.2320416,11.970874,22.94973
"E08000035",133,1430,27571,35.4,10.1648628,26.57757,1.19202665,15.088912,42.338391,632,26555.8,1416,35.6,26555.8,35.6,26555.8,35.6,1337,470,9.6639742,24.452646,2.594054,14.497491,37.047005
"E08000036",94,1019,24190,41.8,8.7385212,18.561603,1.7627821,13.101237,27.310981,307,23294.6,1003,42.1,23294.6,42.1,23294.6,42.1,470,225,7.9978343,16.082407,3.5626115,12.21901,22.390005
"E08000037",62,1423,24462,41.3,7.80897094,21.961577,1.4022209,11.7702864,33.157732,427,24149.2,1419,41.4,24149.2,41.4,24149.2,41.4,820,169,7.2501438,20.216062,2.7698305,11.278341,29.198301
"E09000002",95,5871,27104,32.3,12.134998,21.678691,3.1858216,17.643172,32.749748,319,25575.8,5751,32.1,25575.8,32.1,25575.8,32.1,456,144,12.531869,20.979722,9.3737945,18.390475,30.744644
"E09000003",227,4520,37872,37,10.664088,18.285064,3.5259158,15.512661,26.717298,954,35462.4,4444,36.5,35462.4,36.5,35462.4,36.5,1128,402,10.71439,16.81193,9.8129364,15.859147,23.540091
"E09000004",98,4082,34243,38.8,3.24960724,2.1549931,1.412330996,5.53599874,2.73893922,421,32963,4043,38.8,32963,38.8,32963,38.8,653,176,11.410897,19.136484,10.1720349,16.931606,27.37829
"E09000005",255,7652,30990,35.3,3.24960724,2.1549931,1.412330996,5.53599874,2.73893922,1020,30566.6,7555,34.7,30566.6,34.7,30566.6,34.7,1330,432,5.4143439,3.7301544,11.269774,9.3569024,4.6243838
"E09000006",129,2205,42970,40.6,11.110861,19.326467,3.2625772,16.099772,28.478916,755,41846.2,2184,40.5,41846.2,40.5,41846.2,40.5,1001,259,11.09293,18.300723,10.1467985,16.328063,26.018491
"E09000007",81,12035,59681,33.9,3.24960724,2.1549931,1.412330996,5.53599874,2.73893922,432,49317,11586,33.8,49317,33.8,49317,33.8,472,149,12.794839,33.686621,3.1392321,19.988272,56.579259
"E09000008",222,4455,34732,37.4,11.794322,22.422593,2.7451784,17.279614,34.067118,987,31751,4427,36.8,31751,36.8,31751,36.8,1347,410,11.82689,21.096474,8.6780767,17.541347,30.847825
"E09000009",177,6157,38361,36.7,12.376948,29.540091,1.7895724,18.256389,48.592072,744,34341,6177,35.9,34341,35.9,34341,35.9,994,356,12.205794,26.895145,6.0121158,18.375163,41.924142
"E09000010",181,4130,31556,36.1,11.301083,19.721368,3.3756734,16.475529,29.228234,552,30505,4094,35.6,30505,35.6,30505,35.6,818,349,11.496758,18.305441,9.4751695,17.019536,26.050179
"E09000011",112,6046,41664,34.7,12.41994,28.521953,1.90245743,18.476589,46.075363,467,38331.6,5917,34.3,38331.6,34.3,38331.6,34.3,579,206,12.464265,27.903548,5.8460493,18.956348,44.023153
"E09000012",122,14681,34129,33,13.140414,32.933899,1.37220514,19.900953,55.322724,489,33744.8,14364,32.4,33744.8,32.4,33744.8,32.4,539,200,12.985416,30.656378,4.6241956,20.315177,49.276101
"E09000013",87,11308,52965,34.8,12.889769,32.098306,1.52859605,19.282038,53.793856,388,48961.8,11168,34.3,48961.8,34.3,48961.8,34.3,523,152,12.667052,29.784946,4.8468902,19.379907,47.633169
"E09000014",153,9143,35201,35.4,12.462926,27.278375,2.2622579,18.503461,43.29585,425,33264.4,9095,34.6,33264.4,34.6,33264.4,34.6,418,237,12.52079,25.028102,7.0287493,19.019013,37.87643
"E09000015",197,4957,35683,38,11.282248,21.529002,2.9839331,16.319785,32.673344,654,33158.4,4924,37.4,33158.4,37.4,33158.4,37.4,879,333,11.327975,19.669961,8.7455337,16.65269,28.461204
"E09000016",122,2295,32382,39.2,12.902364,34.529892,1.10084968,19.371801,59.7363,445,32577.2,2258,39.7,32577.2,39.7,32577.2,39.7,620,233,12.560744,32.251637,3.7965764,19.543552,53.499317
"E09000017",143,2635,30167,35.9,11.251489,22.755731,2.8178679,16.388235,34.655861,510,31070,2595,35.5,31070,35.5,31070,35.5,708,278,11.314748,20.74903,8.4135821,16.624721,30.132209
"E09000018",106,4837,32699,36,11.808638,25.316942,2.3873911,17.191737,39.871155,484,32624.6,4795,35.3,32624.6,35.3,32624.6,35.3,655,192,11.831465,23.253959,7.5236798,17.474262,34.904135
"E09000019",77,16097,53343,32.1,13.430027,37.355227,0.80875992,20.342073,66.43306,330,48398,15679,32.1,48398,32.1,48398,32.1,349,130,13.067028,34.868113,2.7934033,20.557191,59.565794
"E09000021",37,4709,41573,37.2,11.257067,21.858956,2.7993733,16.262486,33.187248,297,40027.2,4658,36.6,40027.2,36.6,40027.2,36.6,456,99,11.225347,20.460773,8.7172463,16.439096,29.806605
"E09000022",141,12156,42092,33.1,13.704021,45.006248,0.18187262,20.586006,85.774638,887,36547.4,12034,32.7,36547.4,32.7,36547.4,32.7,1087,249,13.072121,41.973377,0.5308771,20.230542,77.353844
"E09000023",152,8636,35379,35,12.426378,26.584139,2.2952405,18.382954,41.767914,684,33303.8,8511,34.5,33303.8,34.5,33303.8,34.5,868,253,12.526352,24.839974,7.3163007,18.842284,37.444355
"E09000024",102,5480,45195,37.1,12.187732,23.488911,2.5754644,17.732212,36.076129,489,43352.8,5475,36.3,43352.8,36.3,43352.8,36.3,616,175,12.48175,22.24031,8.1505237,18.327209,32.915707
"E09000025",168,9723,28129,31.9,13.234772,29.805793,1.8857272,19.738968,48.366301,744,26142,9494,31.2,26142,31.2,26142,31.2,914,277,13.634467,28.536619,5.7498656,20.70404,44.698918
"E09000026",157,5386,34970,35.5,12.691722,28.495943,2.1606312,19.049323,45.530004,499,34837.2,5330,34.9,34837.2,34.9,34837.2,34.9,655,265,12.791808,27.840925,6.0515572,19.532278,43.25958
"E09000027",64,3430,58327,40.7,11.156723,21.559959,2.8946109,16.112473,32.664473,280,54154.8,3407,40,54154.8,40,54154.8,40,293,129,11.13522,20.059426,8.8443021,16.292118,29.122383
"E09000028",136,10992,37769,33.4,13.644788,44.034353,0.24453929,20.557892,83.187956,950,36855,10815,32.9,36855,32.9,36855,32.9,1130,215,13.082914,41.036425,0.8022228,20.333461,74.84287
"E09000029",74,4665,33941,39.2,3.24960724,2.1549931,1.412330996,5.53599874,2.73893922,432,31303.8,4614,38.9,31303.8,38.9,31303.8,38.9,706,145,11.019392,17.291845,10.0274676,16.077207,24.364964
"E09000030",105,16057,45798,31.3,10.3573169,12.727674,4.1232212,14.98763,17.778522,477,41973,15427,30.7,41973,30.7,41973,30.7,540,172,9.8213163,11.5064269,12.694513,14.416563,15.414923
"E09000031",116,7130,32167,34.9,3.24960724,2.1549931,1.412330996,5.53599874,2.73893922,526,29851.8,7051,34.3,29851.8,34.3,29851.8,34.3,714,203,9.1237504,8.5217364,13.932249,14.637977,11.082102
"E09000032",112,9528,57605,33.9,12.295616,27.220236,2.1649345,18.246782,43.183613,742,52749.4,9424,33.4,52749.4,33.4,52749.4,33.4,835,190,12.287374,25.708448,6.7472139,18.598633,39.164051
"E09000033",102,11883,77504,36.1,3.24960724,2.1549931,1.412330996,5.53599874,2.73893922,490,67889.2,11418,35.8,67889.2,35.8,67889.2,35.8,523,171,13.078128,41.81171,0.4878654,20.25779,76.844084
