Code,2019 people per sq. km,2018 people per sq. km,2017 people per sq. km,2016 people per sq. km,2015 people per sq. km,2014 people per sq. km,pop_dens_5ya
K02000001,275,274,272,270,268,266,271
K03000001,283,282,280,279,276,274,279
K04000001,394,391,389,387,383,380,387
E92000001,432,430,427,424,420,417,425
E12000001,311,310,308,307,306,305,308
E06000047,238,237,235,234,233,233,235
E06000005,541,540,539,538,537,536,539
E06000001,999,995,993,991,987,988,992
E06000002,"2,616","2,608","2,610","2,604","2,585","2,580","2,601"
E06000057,64,64,64,63,63,63,64
E06000003,560,558,555,553,552,551,555
E06000004,963,962,959,956,952,949,957
E11000007,"2,114","2,104","2,092","2,086","2,075","2,069","2,090"
E08000037,"1,419","1,422","1,422","1,423","1,417","1,410","1,419"
E08000021,"2,669","2,646","2,607","2,589","2,563","2,541","2,603"
E08000022,"2,526","2,502","2,484","2,473","2,463","2,464","2,485"
E08000023,"2,343","2,332","2,321","2,316","2,305","2,306","2,321"
E08000024,"2,021","2,018","2,017","2,018","2,014","2,014","2,017"
E12000002,520,517,515,512,509,506,513
E06000008,"1,092","1,087","1,086","1,083","1,079","1,076","1,084"
E06000009,"3,999","3,995","4,011","4,014","4,019","4,041","4,013"
E06000049,329,326,325,323,322,321,324
E06000050,373,370,367,365,363,361,367
E06000006,"1,636","1,624","1,613","1,610","1,602","1,600","1,614"
E06000007,"1,163","1,160","1,161","1,157","1,150","1,144","1,156"
E10000006,74,74,74,74,74,74,74
E07000026,79,79,78,78,78,78,78
E07000027,861,862,861,867,869,870,865
E07000028,105,104,104,104,104,104,104
E07000029,93,94,94,95,95,95,94
E07000030,25,25,25,25,25,25,25
E07000031,68,68,68,68,68,67,68
E11000001,"2,222","2,204","2,193","2,179","2,158","2,140","2,183"
E08000001,"2,057","2,041","2,037","2,028","2,016","2,009","2,031"
E08000002,"1,920","1,911","1,907","1,895","1,888","1,883","1,901"
E08000003,"4,781","4,735","4,717","4,681","4,581","4,486","4,664"
E08000004,"1,666","1,655","1,642","1,632","1,617","1,603","1,636"
E08000005,"1,407","1,391","1,382","1,368","1,355","1,347","1,375"
E08000006,"2,663","2,617","2,586","2,553","2,523","2,485","2,571"
E08000007,"2,328","2,315","2,309","2,299","2,286","2,272","2,302"
E08000008,"2,196","2,183","2,173","2,163","2,147","2,139","2,167"
E08000009,"2,238","2,229","2,221","2,209","2,197","2,191","2,214"
E08000010,"1,747","1,733","1,725","1,719","1,713","1,707","1,724"
E10000017,422,418,415,413,411,409,415
E07000117,803,800,792,791,788,788,794
E07000118,583,576,571,564,557,551,567
E07000119,488,481,476,472,468,466,475
E07000120,"1,110","1,107","1,102","1,101","1,097","1,098","1,103"
E07000121,258,254,251,250,248,247,251
E07000122,544,540,535,534,531,529,536
E07000123,"1,006",997,993,991,989,983,993
E07000124,104,103,102,101,100,100,102
E07000125,518,514,510,506,503,501,509
E07000126,979,977,976,973,969,964,973
E07000127,330,329,329,326,324,323,327
E07000128,397,394,391,390,388,385,391
E11000002,"2,192","2,182","2,172","2,164","2,149","2,137","2,166"
E08000011,"1,744","1,729","1,717","1,711","1,702","1,693","1,716"
E08000012,"4,453","4,424","4,395","4,360","4,300","4,243","4,363"
E08000014,"1,765","1,759","1,754","1,755","1,750","1,749","1,755"
E08000013,"1,324","1,320","1,315","1,309","1,302","1,299","1,312"
E08000015,"2,013","2,009","2,006","2,002","1,999","1,998","2,005"
E12000003,357,356,354,352,350,348,353
E06000011,142,141,141,141,140,140,141
E06000010,"3,629","3,641","3,642","3,633","3,612","3,596","3,626"
E06000012,828,830,830,830,830,831,830
E06000013,204,203,202,202,201,200,202
E06000014,775,772,765,761,757,749,763
E10000023,77,76,76,76,75,75,76
E07000163,49,48,48,48,47,47,48
E07000164,70,70,69,69,69,69,69
E07000165,123,123,122,122,122,122,122
E07000166,41,40,41,41,40,40,41
E07000167,37,36,36,36,35,35,36
E07000168,133,133,133,133,132,133,133
E07000169,151,149,147,145,144,143,147
E11000003,908,904,898,893,886,880,895
E08000016,750,745,739,735,729,723,737
E08000017,549,547,544,541,538,536,543
E08000018,926,924,919,915,911,908,917
E08000019,"1,590","1,583","1,570","1,560","1,547","1,531","1,564"
E11000006,"1,149","1,143","1,137","1,131","1,122","1,115","1,133"
E08000032,"1,473","1,466","1,460","1,453","1,446","1,440","1,456"
E08000033,581,577,575,574,571,569,575
E08000034,"1,076","1,074","1,070","1,065","1,059","1,052","1,066"
E08000035,"1,438","1,430","1,423","1,416","1,401","1,387","1,416"
E08000036,"1,029","1,019","1,006",995,986,980,"1,003"
E12000004,309,307,305,302,299,297,303
E06000015,"3,297","3,296","3,294","3,283","3,254","3,233","3,276"
E06000016,"4,830","4,843","4,820","4,766","4,691","4,615","4,761"
E06000018,"4,462","4,437","4,412","4,353","4,275","4,214","4,359"
E06000017,105,104,103,102,100,100,102
E10000007,315,313,311,309,307,306,310
E07000032,483,477,474,470,468,467,473
E07000033,502,496,493,488,486,482,491
E07000034,"1,589","1,584","1,584","1,583","1,582","1,580","1,584"
E07000035,91,91,91,90,90,90,91
E07000036,"1,052","1,053","1,052","1,050","1,046","1,041","1,049"
E07000037,172,171,171,170,170,170,171
E07000038,368,367,366,364,362,361,365
E07000039,317,309,303,297,294,291,302
E10000018,339,335,331,327,323,320,329
E07000129,778,770,759,748,739,735,755
E07000130,666,655,646,636,628,618,642
E07000131,159,156,155,153,151,149,154
E07000132,380,378,375,370,365,362,372
E07000133,106,106,106,106,106,106,106
E07000134,371,366,358,352,348,343,356
E07000135,"2,423","2,425","2,424","2,380","2,380","2,383","2,403"
E10000019,128,127,126,125,124,123,126
E07000136,192,190,188,186,183,182,187
E07000137,80,80,79,79,78,78,79
E07000138,"2,782","2,775","2,758","2,729","2,708","2,687","2,740"
E07000139,127,126,125,123,122,121,124
E07000140,127,125,124,123,122,120,124
E07000141,151,150,150,149,148,147,149
E07000142,83,82,82,81,80,80,81
E10000021,319,316,314,310,305,302,311
E07000150,900,882,866,851,833,815,858
E07000151,130,128,125,122,120,119,124
E07000152,185,184,183,179,177,175,181
E07000153,436,434,429,424,418,415,426
E07000154,"2,781","2,787","2,794","2,779","2,742","2,704","2,765"
E07000155,149,146,144,142,141,139,144
E07000156,489,487,484,481,473,469,481
E10000024,397,395,392,389,387,385,391
E07000170,"1,168","1,161","1,152","1,137","1,128","1,118","1,144"
E07000171,184,183,182,181,180,179,182
E07000172,"1,424","1,414","1,407","1,400","1,396","1,392","1,406"
E07000173,983,982,976,973,968,965,975
E07000174,"1,425","1,419","1,416","1,407","1,392","1,382","1,407"
E07000175,188,187,186,184,182,181,185
E07000176,291,288,283,281,280,278,284
E12000005,457,454,451,447,443,440,449
E06000019,88,88,88,87,86,86,87
E06000051,101,100,99,98,98,97,99
E06000021,"2,743","2,738","2,733","2,714","2,694","2,686","2,718"
E06000020,620,612,605,598,591,585,602
E10000028,336,334,332,331,329,328,332
E07000192,"1,277","1,269","1,257","1,249","1,249","1,249","1,258"
E07000193,309,306,304,302,300,299,303
E07000194,316,314,312,310,310,308,312
E07000195,614,614,611,607,601,597,607
E07000196,276,275,275,273,272,272,274
E07000197,229,227,225,223,221,221,224
E07000198,171,171,171,170,170,170,171
E07000199,"2,486","2,485","2,481","2,496","2,499","2,497","2,491"
E10000031,293,289,286,283,281,280,285
E07000218,230,228,225,222,221,220,224
E07000219,"1,645","1,633","1,630","1,617","1,604","1,600","1,622"
E07000220,310,305,303,300,297,294,302
E07000221,133,130,128,126,125,125,128
E07000222,508,504,496,493,491,490,497
E11000005,"3,248","3,235","3,213","3,184","3,144","3,112","3,189"
E08000025,"4,264","4,262","4,246","4,213","4,156","4,113","4,209"
E08000026,"3,766","3,718","3,651","3,581","3,490","3,396","3,600"
E08000027,"3,283","3,273","3,261","3,242","3,229","3,222","3,252"
E08000028,"3,839","3,826","3,804","3,771","3,730","3,697","3,778"
E08000029,"1,214","1,205","1,200","1,190","1,183","1,179","1,195"
E08000030,"2,746","2,725","2,705","2,682","2,653","2,635","2,691"
E08000031,"3,793","3,773","3,743","3,716","3,674","3,647","3,724"
E10000034,342,340,338,335,333,331,337
E07000234,460,455,450,446,442,440,449
E07000235,136,135,134,133,132,132,134
E07000236,"1,572","1,567","1,571","1,568","1,563","1,558","1,567"
E07000237,"3,042","3,062","3,075","3,063","3,035","3,027","3,051"
E07000238,195,192,189,186,183,181,188
E07000239,518,517,515,512,510,507,513
E12000006,326,324,323,321,318,315,321
E06000055,364,360,357,354,349,344,355
E06000056,403,396,391,387,381,374,389
E06000032,"4,914","4,939","4,951","4,980","4,927","4,848","4,927"
E06000031,589,585,579,573,564,555,574
E06000033,"4,394","4,378","4,363","4,334","4,301","4,280","4,342"
E06000034,"1,064","1,053","1,040","1,028","1,013","1,000","1,033"
E10000003,215,214,213,212,211,209,212
E07000008,"3,066","3,090","3,069","3,062","3,074","3,040","3,067"
E07000009,138,137,136,135,135,134,136
E07000010,186,186,184,182,181,179,183
E07000011,196,196,195,194,193,192,194
E07000012,176,175,174,173,171,170,173
E10000012,431,427,425,422,418,414,423
E07000066,"1,702","1,690","1,677","1,671","1,654","1,642","1,673"
E07000067,249,248,248,247,246,245,247
E07000068,503,500,500,501,499,496,500
E07000069,"2,023","2,016","2,010","2,009","1,996","1,990","2,007"
E07000070,527,523,520,514,510,507,517
E07000071,593,587,579,572,563,551,574
E07000072,388,387,385,383,381,379,384
E07000073,"2,851","2,836","2,822","2,812","2,794","2,771","2,814"
E07000074,181,180,179,177,176,176,178
E07000075,522,520,515,512,509,507,514
E07000076,436,434,430,426,422,417,428
E07000077,142,139,137,135,133,131,136
E10000015,724,721,719,716,709,702,715
E07000095,"1,891","1,883","1,881","1,883","1,872","1,863","1,879"
E07000096,728,726,722,717,711,704,718
E07000242,315,311,309,307,304,300,308
E07000098,"1,037","1,030","1,029","1,025","1,020","1,014","1,026"
E07000099,356,355,355,353,351,349,353
E07000240,921,914,912,912,907,901,911
E07000243,"3,383","3,379","3,379","3,361","3,334","3,311","3,358"
E07000102,"1,051","1,048","1,043","1,043","1,033","1,019","1,040"
E07000103,"4,507","4,515","4,511","4,507","4,496","4,459","4,499"
E07000241,950,948,944,934,909,890,929
E10000020,169,168,167,166,164,163,166
E07000143,107,107,106,105,104,103,105
E07000144,237,235,233,231,229,228,232
E07000145,570,570,570,568,566,563,568
E07000146,105,105,106,105,105,104,105
E07000147,109,108,108,107,107,106,108
E07000148,"3,602","3,617","3,597","3,584","3,539","3,500","3,573"
E07000149,155,152,149,147,145,143,149
E10000029,200,200,199,198,197,195,198
E07000200,155,154,153,152,151,151,153
E07000244,198,197,196,194,193,192,195
E07000202,"3,465","3,481","3,505","3,506","3,485","3,453","3,483"
E07000203,119,118,117,116,115,114,117
E07000245,173,173,173,171,171,169,172
E12000007,"5,701","5,667","5,614","5,579","5,513","5,432","5,584"
E09000007,"12,393","12,035","11,628","11,435","11,191","10,832","11,586"
E09000001,"3,361","3,010","2,646","2,505","2,312","2,122","2,659"
E09000012,"14,758","14,681","14,485","14,344","14,102","13,812","14,364"
E09000013,"11,287","11,304","11,156","11,082","11,106","11,075","11,168"
E09000014,"9,076","9,143","9,163","9,192","9,063","8,933","9,095"
E09000019,"16,321","16,097","15,818","15,620","15,314","14,903","15,679"
E09000020,"12,876","12,882","12,844","12,929","13,079","13,016","12,938"
E09000022,"12,156","12,152","12,082","12,046","11,959","11,806","12,034"
E09000023,"8,702","8,636","8,573","8,504","8,393","8,259","8,511"
E09000025,"9,756","9,725","9,614","9,518","9,290","9,063","9,494"
E09000028,"11,045","10,990","10,885","10,796","10,685","10,490","10,815"
E09000030,"16,427","16,071","15,579","15,223","14,863","14,396","15,427"
E09000032,"9,624","9,530","9,436","9,385","9,326","9,240","9,424"
E09000033,"12,167","11,888","11,398","11,267","11,084","10,704","11,418"
E09000002,"5,898","5,873","5,837","5,767","5,626","5,503","5,751"
E09000003,"4,563","4,520","4,470","4,436","4,366","4,308","4,444"
E09000004,"4,099","4,082","4,064","4,047","4,002","3,963","4,043"
E09000005,"7,628","7,652","7,612","7,551","7,481","7,404","7,555"
E09000006,"2,214","2,205","2,194","2,182","2,167","2,142","2,184"
E09000008,"4,471","4,455","4,449","4,432","4,394","4,360","4,427"
E09000009,"6,154","6,157","6,170","6,208","6,198","6,175","6,177"
E09000010,"4,130","4,130","4,116","4,109","4,067","4,013","4,094"
E09000011,"6,086","6,049","5,978","5,900","5,803","5,683","5,917"
E09000015,"4,977","4,957","4,932","4,928","4,891","4,858","4,924"
E09000016,"2,310","2,295","2,279","2,255","2,220","2,190","2,258"
E09000017,"2,652","2,635","2,613","2,592","2,559","2,518","2,595"
E09000018,"4,851","4,838","4,808","4,793","4,760","4,717","4,795"
E09000021,"4,764","4,709","4,686","4,662","4,606","4,520","4,658"
E09000024,"5,490","5,480","5,476","5,494","5,474","5,438","5,475"
E09000026,"5,411","5,387","5,350","5,342","5,282","5,210","5,330"
E09000027,"3,450","3,431","3,409","3,401","3,382","3,368","3,407"
E09000029,"4,706","4,665","4,635","4,606","4,558","4,515","4,614"
E09000031,"7,137","7,130","7,099","7,066","6,975","6,901","7,051"
E12000008,481,479,476,473,469,465,474
E06000036,"1,120","1,112","1,100","1,095","1,090","1,079","1,099"
E06000043,"3,512","3,506","3,479","3,467","3,429","3,388","3,464"
E06000046,373,373,371,369,368,367,370
E06000035,"1,438","1,434","1,433","1,430","1,421","1,410","1,428"
E06000042,873,870,867,863,853,843,862
E06000044,"5,321","5,326","5,316","5,282","5,212","5,151","5,268"
E06000038,"4,005","4,040","4,037","4,027","4,003","3,967","4,013"
E06000039,"4,595","4,582","4,572","4,540","4,488","4,436","4,536"
E06000045,"5,062","5,068","5,059","5,020","4,933","4,854","4,999"
E06000037,225,225,225,225,224,222,224
E06000040,771,768,764,762,755,751,762
E06000041,956,939,922,911,901,891,920
E06000060,348,345,342,341,337,333,341
E10000011,326,325,323,322,319,316,322
E07000061,"2,349","2,336","2,338","2,332","2,314","2,295","2,327"
E07000062,"3,110","3,116","3,115","3,118","3,086","3,066","3,102"
E07000063,354,352,350,348,345,344,349
E07000064,189,188,186,184,183,181,185
E07000065,194,192,191,190,188,186,190
E10000014,376,374,373,371,369,367,372
E07000084,279,277,277,276,275,274,276
E07000085,238,235,232,231,231,229,233
E07000086,"1,677","1,654","1,638","1,626","1,619","1,617","1,639"
E07000087,"1,565","1,567","1,565","1,560","1,551","1,544","1,559"
E07000088,"3,344","3,361","3,370","3,369","3,340","3,324","3,351"
E07000089,451,447,443,441,439,435,443
E07000090,"2,264","2,257","2,244","2,223","2,209","2,195","2,232"
E07000091,239,239,239,239,238,238,239
E07000092,"2,423","2,437","2,454","2,461","2,437","2,439","2,442"
E07000093,201,199,198,196,193,191,196
E07000094,189,188,187,186,184,182,186
E10000016,446,443,439,435,430,426,437
E07000105,224,223,220,217,214,212,218
E07000106,536,533,531,526,517,509,525
E07000107,"1,548","1,509","1,478","1,445","1,424","1,403","1,468"
E07000108,375,371,367,363,360,359,366
E07000112,317,315,312,311,308,306,312
E07000109,"1,080","1,075","1,072","1,073","1,068","1,059","1,071"
E07000110,437,432,426,421,417,411,424
E07000111,327,326,323,322,320,319,323
E07000113,402,398,393,388,381,377,390
E07000114,"1,370","1,369","1,364","1,359","1,350","1,337","1,358"
E07000115,550,544,537,530,524,519,534
E07000116,358,356,356,354,352,352,355
E10000025,266,264,262,260,259,257,261
E07000177,256,253,251,249,247,245,250
E07000178,"3,343","3,384","3,390","3,405","3,393","3,392","3,385"
E07000179,209,207,206,205,204,203,206
E07000180,235,232,227,223,219,216,225
E07000181,155,154,153,152,152,151,153
E10000030,720,716,713,710,705,700,711
E07000207,"1,439","1,437","1,435","1,432","1,424","1,419","1,431"
E07000208,"2,366","2,345","2,331","2,318","2,302","2,288","2,325"
E07000209,550,546,545,542,535,526,541
E07000210,338,338,337,338,337,336,337
E07000211,"1,152","1,144","1,133","1,125","1,113","1,106","1,129"
E07000212,"1,146","1,128","1,113","1,107","1,089","1,075","1,110"
E07000213,"2,224","2,213","2,208","2,203","2,193","2,182","2,204"
E07000214,939,935,933,933,929,923,932
E07000215,355,353,352,349,346,344,350
E07000216,366,364,362,361,359,357,362
E07000217,"1,585","1,591","1,590","1,595","1,588","1,582","1,589"
E10000032,434,431,428,425,421,417,426
E07000223,"1,529","1,518","1,515","1,512","1,510","1,504","1,515"
E07000224,727,723,718,712,705,700,714
E07000225,154,154,153,152,150,148,152
E07000226,"2,500","2,500","2,483","2,480","2,466","2,443","2,479"
E07000227,271,268,264,261,257,254,263
E07000228,452,448,444,442,437,433,443
E07000229,"3,400","3,383","3,371","3,359","3,330","3,299","3,357"
E12000009,236,235,233,231,230,228,232
E06000022,559,555,546,540,533,524,543
E06000058,"2,439","2,442","2,441","2,431","2,412","2,396","2,427"
E06000023,"4,224","4,224","4,186","4,156","4,108","4,046","4,157"
E06000052,161,160,158,157,155,154,158
E06000059,152,151,151,150,149,148,150
E06000053,136,137,138,143,143,140,140
E06000024,575,572,570,567,562,557,567
E06000026,"3,282","3,295","3,295","3,286","3,273","3,263","3,282"
E06000025,574,569,561,557,551,545,560
E06000030,966,965,958,950,946,939,954
E06000027,"2,167","2,159","2,151","2,137","2,127","2,119","2,143"
E06000054,154,153,152,151,150,149,152
E10000008,122,121,120,119,118,117,120
E07000040,180,177,175,172,170,168,174
E07000041,"2,794","2,773","2,741","2,711","2,672","2,616","2,718"
E07000042,90,89,88,88,87,87,88
E07000043,89,89,88,87,87,87,88
E07000044,98,97,96,96,96,95,96
E07000045,199,197,195,193,191,189,194
E07000046,69,69,69,68,67,67,68
E07000047,48,48,48,47,47,47,48
E10000013,240,239,237,235,233,231,236
E07000078,"2,496","2,513","2,514","2,516","2,502","2,498","2,507"
E07000079,77,76,75,74,73,73,75
E07000080,165,165,163,162,161,159,163
E07000081,"3,184","3,188","3,183","3,165","3,136","3,099","3,159"
E07000082,260,258,257,255,254,250,256
E07000083,229,223,218,214,210,207,217
E10000027,163,162,161,160,158,157,160
E07000187,156,155,154,153,152,150,153
E07000188,218,218,216,215,213,211,215
E07000246,131,130,128,127,125,124,128
E07000189,176,175,174,174,173,172,174
W92000004,152,151,151,150,149,149,150
W06000001,98,98,98,98,98,99,98
W06000002,49,49,49,49,48,48,49
W06000003,104,104,104,104,103,103,104
W06000004,114,114,114,114,113,113,114
W06000005,355,354,353,352,350,350,352
W06000006,270,270,269,269,269,270,270
W06000023,26,26,26,26,26,26,26
W06000008,41,41,41,41,42,42,41
W06000009,78,77,77,77,76,77,77
W06000010,80,79,79,78,78,78,79
W06000011,654,653,650,647,642,638,647
W06000012,325,324,322,321,319,318,322
W06000013,586,578,575,572,567,563,574
W06000014,403,399,395,389,386,387,393
W06000015,"2,604","2,585","2,575","2,563","2,537","2,518","2,564"
W06000016,569,566,564,562,560,558,563
W06000024,541,540,538,536,532,530,536
W06000018,653,653,652,651,650,649,651
W06000019,643,641,640,640,640,641,641
W06000020,748,740,734,732,730,728,735
W06000021,111,111,110,110,109,109,110
W06000022,812,805,796,785,777,773,791
S92000003,70,70,70,69,69,69,70
S12000033,"1,232","1,226","1,233","1,238","1,241","1,233","1,234"
S12000034,41,41,41,42,41,41,41
S12000041,53,53,53,53,54,54,53
S12000035,12,12,13,13,13,13,13
S12000036,"1,993","1,969","1,949","1,926","1,894","1,871","1,934"
S12000005,324,323,324,323,323,322,323
S12000006,23,23,23,23,23,23,23
S12000042,"2,496","2,486","2,486","2,478","2,477","2,476","2,483"
S12000008,97,97,97,97,97,97,97
S12000045,623,621,620,616,613,612,618
S12000010,158,156,154,153,152,150,154
S12000011,548,546,544,538,533,530,540
S12000014,541,539,538,536,533,530,536
S12000047,282,281,280,279,278,277,280
S12000049,"3,626","3,587","3,556","3,522","3,472","3,434","3,533"
S12000017,9,9,9,9,9,9,9
S12000018,485,487,491,493,496,498,492
S12000019,261,258,255,251,247,244,253
S12000020,43,43,43,43,43,42,43
S12000013,9,9,9,9,9,9,9
S12000021,152,153,153,154,154,154,153
S12000050,726,724,723,722,720,719,722
S12000023,22,22,22,22,22,22,22
S12000048,29,29,29,29,28,28,29
S12000038,685,680,676,673,668,666,675
S12000026,24,24,24,24,24,24,24
S12000027,16,16,16,16,16,16,16
S12000028,92,92,92,92,92,92,92
S12000029,181,180,180,179,178,178,179
S12000030,43,43,43,43,42,42,43
S12000039,560,561,564,566,564,565,563
S12000040,428,426,424,421,417,414,422
N92000002,137,136,136,135,134,133,135
N09000001,251,249,248,247,246,245,248
N09000011,285,284,283,282,280,279,282
N09000002,162,160,158,157,155,154,158
N09000003,"2,495","2,482","2,470","2,466","2,461","2,446","2,470"
N09000004,73,73,72,72,72,72,72
N09000005,121,120,120,120,119,119,120
N09000006,41,41,41,40,40,40,41
N09000007,289,285,282,279,277,274,281
N09000008,131,131,130,130,129,129,130
N09000009,81,80,80,79,79,78,80
N09000010,108,107,106,106,105,104,106