Number,ons_code,Region,X.people.per.sq.km,Local.Authority,no2_val,o3_val,nox_val,pm25_val,pm10_val,so2_val,Domestic.mean.gas.consumption,Non.domestic.mean.gas.consumption,personal.buses.Motorways,personal.buses.A.roads,personal.buses.Minor.roads,personal.diesel.cars.Motorways,personal.diesel.cars.A.roads,personal.diesel.cars.Minor.roads,personal.petrol.cars.Motorway,personal.petrol.cars.A.roads,personal.petrol.cars.Minor.roads,personal.motorcycles.Motorways,personal.motorcycles.A.roads,personal.motorcycles.Minor.roads,freight.HGV.Motorways,freight.HGV.A.roads,freight.HGV.Minor.roads,freight.diesel.LGV.Motorways,freight.diesel.LGV.A.roads,freight.diesel.LGV.Minor.roads,freight.petrol.LGV.Motorways,freight.petrol.LGV.A.roads,freight.petrol.LGV.Minor.roads,petroleum.Industrial,petroleum.Domestic,petroleum.Rail,petroleum.Public.Administration,petroleum.Commercial,petroleum.Agriculture,coal.Domestic,Manufactured.Solid.Fuels.Domestic,bioenergy
1,E06000001,North East,997,Hartlepool,13.105737,5.303858,17.730895,7.3628211,11.506778,1.5755607,12439,698805,0,545,1627,0,7470,5526,0,8479,6810,0,50,78,0,5470,446,0,4405,2493,0,137,99,5.2,0.4,0.2,0,0,0.4,0.2,0.1,1.3
2,E06000002,North East,2608,Middlesbrough,20.178191,4.2518016,29.296034,8.2105405,12.561928,3.1332865,12573,531688,0,909,3776,0,13295,12563,0,16573,15706,0,84,176,0,8967,1018,0,7272,5693,0,248,227,3.6,0.3,0.6,0,0,0.2,0.2,0.2,2.1
3,E06000003,North East,558,Redcar and Cleveland,7.749542,6.8514997,9.9832409,7.2931372,12.855827,0.99886383,12519,2904401,0,938,2473,0,10349,8236,0,11578,10048,0,114,119,0,5558,678,0,5289,3802,0,166,149,609,1.3,0.9,0,0.1,1.1,0.5,0.4,2.2
4,E06000004,North East,962,Stockton-on-Tees,15.562038,5.0506318,21.440737,7.9008561,12.25113,1.9343295,12992,926081,0,1518,3389,0,20375,11383,0,24160,13982,0,141,162,0,14478,927,0,11586,5197,0,371,205,72,1.3,2.1,0,0.1,0.8,0.3,0.2,3.1
5,E06000005,North East,540,Darlington,11.3603409,5.1988114,15.098272,7.1532211,11.129635,1.12903354,13417,1039749,89,695,1808,3232,6702,6224,2268,7488,7395,22,68,90,5160,3752,506,1955,3676,2845,56,116,110,7.5,1.1,1.9,0,0.1,1.2,0.2,0.2,1.7
6,E06000006,North West,1624,Halton,15.611062,4.3935691,21.642167,9.2573432,13.269754,3.0365011,11520,1075639,120,481,443,5026,9109,6392,3552,11779,7945,23,97,102,6443,9285,538,2837,4772,2666,81,174,106,14.4,0.5,6.5,0,0.3,0.2,0.4,0.4,48.4
7,E06000007,North West,1160,Warrington,17.232627,3.7784428,24.256562,8.5694032,12.433627,2.8363907,12842,1238457,742,933,808,33612,12574,12036,24286,15745,15049,198,148,185,47426,5434,980,18373,5666,4860,519,197,194,9.5,1.4,3.9,0,0.3,0.6,0.7,0.6,5.7
8,E06000008,North West,1087,Blackburn with Darwen,12.3690162,4.2431712,16.653894,7.6509851,11.3740139,1.5465026,13895,577094,63,630,407,3997,5017,5466,2888,6577,6665,27,55,94,3033,1773,492,2297,2308,2446,65,85,96,8.5,0.9,0.3,0,0.1,0.6,0.6,0.5,4.9
9,E06000009,North West,3997,Blackpool,10.6894658,4.8719872,14.089256,7.3088457,10.5498611,1.3974031,12487,510454,5,834,473,51,4339,6328,53,5983,7912,0,57,108,13,837,573,30,2128,2843,1,82,114,3.2,0.3,0.2,0,0,0.1,0.5,0.5,5.2
10,E06000010,Yorkshire and The Humber,3648,"Kingston upon Hull, City of",18.906544,4.8822638,27.329206,10.1334295,15.584662,3.070407,11444,797826,0,1409,2325,0,8193,15397,0,11131,19250,0,175,325,0,9453,1890,0,4797,8719,0,178,348,16.7,0.6,0.3,0,0.1,0.2,0.6,0.6,7
11,E06000011,Yorkshire and The Humber,141,East Riding of Yorkshire,6.8677425,7.0178444,8.7840466,8.0561231,14.773775,1.1744729,13902,1170535,225,1978,3261,11479,30902,25852,8054,32525,26922,86,492,515,27269,28875,2790,9276,19085,13075,266,571,470,76.5,20.3,4.8,0.1,0.7,11.8,3,1.7,10.3
12,E06000012,Yorkshire and The Humber,833,North East Lincolnshire,12.339795,6.5379122,16.649428,9.0268366,15.313372,1.5122742,12381,2481676,0,617,1401,0,10111,9487,0,11879,11328,0,137,201,0,7687,1139,0,6547,5320,0,210,207,10.8,1.3,0.7,0,0.1,0.8,0.5,0.4,3.8
13,E06000013,Yorkshire and The Humber,203,North Lincolnshire,11.402008,5.8045487,15.28743,8.9422246,14.852695,3.2559183,13368,1461296,123,756,1575,9462,11863,11001,6638,12798,11768,51,190,241,31135,18066,1311,8293,8474,6149,238,256,225,941.6,6.9,5.6,0,0.3,3.2,1.4,0.8,41.8
14,E06000014,Yorkshire and The Humber,772,York,14.073252,5.2771586,19.22192,8.3177745,12.844988,1.4010056,13813,513788,0,1933,1410,0,17514,10099,0,19320,11699,0,255,203,0,8679,1123,0,9005,5319,0,280,204,5.7,2.3,2.5,0.1,0.2,1.3,0.4,0.4,4
15,E06000015,East Midlands,3296,Derby,20.326218,3.5086304,29.549594,9.7231876,14.439633,1.8655758,12766,861807,0,1701,2302,0,14744,21880,0,19595,27356,0,166,291,0,8530,2291,0,7267,8273,0,265,330,32.1,0.5,3.5,0,0.1,0.2,0.6,0.6,6.9
16,E06000016,East Midlands,4843,Leicester,23.452086,2.6415407,35.539774,10.4551577,15.80518,2.0136487,13815,760628,0,1840,2088,0,13369,16961,0,17930,21205,0,144,264,0,5825,2079,0,6916,7506,0,258,300,17.4,0.5,0.7,0.2,0,0.2,0.5,0.5,5.7
17,E06000017,East Midlands,104,Rutland,6.9049517,4.2762239,8.8399633,8.5414677,13.82515,0.84224875,15201,377421,0,345,415,0,8969,3073,0,9296,3079,0,115,61,0,15944,451,0,5551,1607,0,165,56,9.3,2.4,1.8,0,0.2,1.8,0.2,0.2,60.8
18,E06000018,East Midlands,4437,Nottingham,22.494498,3.1606484,33.5871,9.8736954,15.146823,2.0347151,12473,547687,6,3314,2454,198,15131,16246,143,20589,20312,1,194,310,335,6551,2443,121,7957,8821,3,300,352,11.2,0.5,1.3,0,0.4,0.2,0.7,0.6,5.5
19,E06000019,West Midlands,88,"Herefordshire, County of",5.4888348,9.3299757,6.9161711,7.8481914,13.254887,1.05179287,12074,906822,45,1262,2253,1813,19697,13011,1272,21375,13053,6,271,216,3024,20101,1442,921,13902,7617,26,428,268,49.5,25.2,4.8,0.1,0.7,18.1,2.9,1.7,9.1
20,E06000020,West Midlands,612,Telford and Wrekin,7.9378183,8.2308411,10.2491896,7.6384959,12.696734,1.17190132,12256,689314,124,477,2490,3729,11560,14076,2668,13220,16899,30,111,214,3407,7490,1486,1881,5990,7966,53,191,310,27.8,2.5,1.3,0,0.2,1.6,0.7,0.5,3.6
21,E06000021,West Midlands,2738,Stoke-on-Trent,18.040019,4.1557601,25.442578,8.696993,13.072722,1.8459456,12724,1836965,0,1915,1711,0,18043,10361,0,24084,12954,0,192,146,0,12783,1048,0,9493,5519,0,346,220,18.5,0.5,1.3,0,0.1,0.5,1.1,0.8,6
22,E06000022,South West,555,Bath and North East Somerset,6.2219782,11.216961,7.8777198,8.0744721,12.649253,0.85779537,13398,409128,0,1646,1201,0,11961,10960,0,13606,12569,0,272,238,0,5431,1086,0,6876,5372,0,224,204,7.8,4.3,2.1,0.1,0.3,3.7,1,0.8,6.7
23,E06000023,South West,4224,"Bristol, City of",19.645615,6.9402352,28.177559,10.141752,15.268601,1.7411156,11685,415830,417,3013,3018,8912,12295,27150,6440,16913,33945,115,358,575,7400,6904,2763,4101,7977,13494,116,309,539,11.5,1.3,1.9,0.3,0.3,0.4,1.1,1.1,14.4
24,E06000024,South West,572,North Somerset,7.8162481,10.0594252,10.035917,7.7227179,11.859697,0.96360778,12288,967109,759,896,2006,26264,10863,18181,18427,12054,21137,228,203,395,21547,3255,1819,13216,5390,8982,379,170,344,17.9,5.1,2.1,0,0.4,4.1,0.9,0.8,8.2
25,E06000025,South West,569,South Gloucestershire,10.1336664,9.7836599,13.262449,8.8251447,13.987557,1.1162649,11879,716777,1322,1182,2590,50324,15769,23276,35442,19033,27212,495,392,506,53228,8038,2307,23648,8933,11502,676,303,441,25.8,7.4,5.9,0.1,0.4,4.4,1.4,1.1,10.6
26,E06000026,South West,3296,Plymouth,13.8075795,8.8657944,18.846321,7.1248688,11.1351872,1.4479127,9610,589387,0,1632,2065,0,11434,17677,0,14987,22100,0,323,393,0,4592,1890,0,5854,9230,0,208,369,16.4,0.6,0.5,0.3,0.1,0.2,1,1,12.9
27,E06000027,South West,2159,Torbay,7.9568285,10.690332,10.2212508,6.199585,9.6125263,0.88939483,11492,455004,0,937,982,0,5602,8444,0,7072,10557,0,136,187,0,1058,899,0,2943,4391,0,102,175,1.7,0.4,0.1,0,0.1,0.3,0.5,0.5,5.8
28,E06000030,South West,965,Swindon,15.296379,10.1525615,21.047351,10.698124,15.762797,1.6022912,12061,628938,535,839,2179,12238,13931,17590,8732,15326,21222,80,181,420,12015,8799,1974,4912,6589,9682,140,203,378,10,1.2,0.9,0,0.2,1.5,0.7,0.7,8.5
29,E06000031,East,585,Peterborough,15.375522,5.971525,21.209423,10.35024,15.764195,1.813335,12163,572285,1,1071,1889,31,22163,17412,22,25317,20269,0,220,393,62,22251,1724,21,12450,9754,1,390,374,12.2,2.9,2.2,0,0.2,0.9,0.6,0.5,4.8
30,E06000032,East,4939,Luton,17.465116,8.4490826,24.64537,11.392942,16.697407,1.5389303,13986,482847,100,618,1140,2816,4618,10580,2034,6074,13228,17,35,227,4718,1357,1043,1556,1934,5817,44,72,232,15.5,0.4,1.9,0,0,0.1,0.4,0.4,4.8
31,E06000033,East,4370,Southend-on-Sea,15.077051,12.151126,20.925735,10.097348,14.713368,1.21102648,14078,319267,0,655,877,0,5314,8938,0,7362,11175,0,77,175,0,1694,803,0,2992,4477,0,117,179,3.7,0.3,4.6,0,0,0.1,0.3,0.3,4
32,E06000034,East,1055,Thurrock,18.213602,10.8782324,25.973733,10.888211,17.037179,1.5598493,12296,1381695,177,616,1137,7625,17262,10999,6456,18385,13302,126,425,230,16731,24187,1032,5197,13084,5795,146,383,227,8.2,0.4,0.2,0,0.2,0.5,0.4,0.4,7.6
33,E06000035,South East,1436,Medway,14.635515,12.41493,20.216589,10.5078671,15.594275,1.3679022,12045,514705,145,1015,1180,5818,11980,12148,4168,14823,14402,69,212,243,6449,5240,1055,3853,6535,6676,109,221,259,9,1.4,0.1,0,0.2,0.7,1.2,1.3,15.7
34,E06000036,South East,1112,Bracknell Forest,13.755677,11.208737,18.678224,10.8005391,15.271717,1.3831812,13803,547463,44,196,557,871,7784,6453,629,9470,7865,7,100,113,713,3137,500,342,3596,3135,10,123,123,2.9,0.6,0.1,0,0.1,0.4,0.4,0.4,5.3
35,E06000037,South East,225,West Berkshire,10.7422492,12.701552,14.210391,9.2495919,14.109801,0.91129922,13932,787786,1460,909,915,40347,20509,11554,28307,22071,12246,273,246,203,36655,18587,855,16300,11721,5384,467,352,196,18.4,15.9,7.1,1.5,0.7,4.3,1.3,1,9.4
36,E06000038,South East,4040,Reading,21.056469,8.3979558,32.029171,11.967983,17.058124,1.6389695,12873,481614,41,820,410,1247,5906,4598,901,8101,5748,10,96,82,991,2067,369,519,2918,2301,15,112,92,3.6,0.4,3.4,0,0.1,0.1,0.5,0.6,7
37,E06000039,South East,4582,Slough,21.822064,7.9858089,32.26688,11.852959,17.339909,1.7486846,12961,637941,524,420,437,11873,3405,4891,8464,4427,6107,147,49,88,8006,1618,393,5002,1565,2450,142,57,98,9.7,0.2,3.8,0,0.3,0.1,0.4,0.4,6.8
38,E06000040,South East,768,Windsor and Maidenhead,13.377208,11.068768,18.163235,9.9417355,14.465367,1.07160865,16473,294918,750,444,795,20291,11933,9438,14278,13643,10973,214,165,165,13300,3350,715,8252,5254,4519,236,168,174,5.8,3.1,3.4,0,0.4,0.9,0.6,0.6,7
39,E06000041,South East,939,Wokingham,15.0526,10.7623644,20.864217,10.687595,15.339728,1.3921642,15283,358848,534,441,799,18665,8582,9463,13377,9913,11093,162,119,165,12604,2807,714,7415,3930,4513,210,128,174,4.6,2,4.4,0,0.2,0.9,0.7,0.7,8.4
40,E06000042,South East,870,Milton Keynes,14.499738,7.7130211,19.804753,11.048485,16.962875,1.4136435,12433,546934,569,722,1756,15548,17367,22970,10908,20663,27636,90,155,356,29276,8319,1557,9403,7550,9833,270,246,385,9.9,2.8,0.3,0.1,0.3,1.5,1,1,12.5
41,E06000043,South East,3508,Brighton and Hove,14.884486,10.3394405,20.408858,11.025587,15.875898,1.4738268,11920,344543,0,1751,1463,0,14089,14511,0,16002,18140,0,313,293,0,4523,1317,0,9571,8206,0,301,328,3.8,0.6,0.1,0.1,0.2,0.4,0.8,0.8,9.7
42,E06000044,South East,5327,Portsmouth,21.359121,8.8209,31.675248,13.213224,18.101809,2.8897665,10615,497405,368,1097,997,10545,10198,9472,7620,12709,11843,146,219,200,5238,3103,898,4784,6036,5593,135,209,223,10.6,0.2,0.6,0.4,0.2,0.1,0.8,0.9,11.2
43,E06000045,South East,5065,Southampton,24.544592,7.3112921,38.672284,10.3177922,14.633811,2.871123,10937,599825,54,1089,1246,2468,8453,11778,1784,11654,14726,27,171,250,1638,3052,1122,1273,3996,6992,36,155,279,9.5,0.4,0.2,0.1,0.1,0.1,0.8,0.9,10.4
44,E06000046,South East,373,Isle of Wight,7.431829,13.554466,9.5716871,8.2462049,12.943836,0.89683559,11145,668312,0,1220,482,0,6981,5091,0,7835,5687,0,269,105,0,1658,446,0,4078,2811,0,129,106,8.5,4.4,NA,0.5,0.2,2.7,1.3,1.1,11.4
45,E06000047,North East,237,County Durham,5.7349122,5.1401094,7.2482203,6.0331005,9.5391365,0.89219873,13537,575766,476,3358,8917,18498,39932,23263,13146,43210,26258,82,390,469,20472,25299,2574,10209,22836,14493,291,692,542,39.6,9.5,10,0.1,0.5,10.8,5.3,2.8,20.9
46,E06000049,North West,326,Cheshire East,8.6089287,5.13379,11.15036,6.7889721,10.791557,1.2835097,14507,972912,903,1627,1434,41020,34508,21625,28957,39183,24402,162,353,346,65597,22590,1768,22328,16866,8787,638,541,331,32,19.2,5.9,0.1,0.9,11.7,3,2,11.7
47,E06000050,North West,371,Cheshire West and Chester,6.6073813,6.40737,8.4135027,6.42349,10.0441294,1.2264743,12911,1203777,750,2268,1232,28568,36824,18173,20129,40230,20428,183,450,295,33265,23287,1503,15119,17542,7498,433,536,282,595.9,13.5,3.5,0.1,0.7,9.1,2.1,1.4,9.8
48,E06000051,West Midlands,100,Shropshire,4.7606573,9.6392088,5.9536199,7.1339114,12.469246,0.80898708,12641,827775,139,2665,3530,6334,34881,19374,4444,37281,19514,33,492,334,7661,31294,2234,3201,22119,11798,92,679,416,40.3,37.5,7.5,0.2,1.2,28.2,4.8,2.8,12.2
49,E06000052,South West,160,Cornwall,4.9754798,10.780496,6.2306985,5.8204697,10.530826,0.62245449,10366,711371,0,4274,4663,0,63027,36703,0,66971,37992,0,976,1004,0,33313,4491,0,43070,21929,0,1294,784,89.4,55.9,10.8,0.5,2.7,33,9,6.2,51.1
50,E06000053,South West,137,Isles of Scilly,3.9089489,10.364168,4.8621471,4.9481459,8.5871667,0.49795464,NA,NA,0,3,1,0,28,7,0,29,7,0,5,0,0,11,2,0,47,7,0,1,0,1.1,0.2,NA,0,0.1,0,0.1,0.1,0.4
51,E06000054,South West,153,Wiltshire,6.7378971,13.63944,8.6117441,8.4006111,13.388798,0.59251937,12534,629141,1007,3331,4193,26601,53751,38146,18663,58471,40061,169,804,891,25878,35410,3950,12153,30397,19504,348,941,703,43,38.9,16.3,0.3,1.5,26.5,4,2.9,22.5
52,E06000055,East,360,Bedford,14.592962,7.9134195,20.014753,10.587698,15.744936,1.4550798,13140,483219,0,1081,1091,0,17748,10648,0,19211,11722,0,172,233,0,14420,1007,0,10122,5663,0,307,209,9.3,4.6,9,0,0.3,1.9,0.8,0.6,41.6
53,E06000056,East,396,Central Bedfordshire,11.1673792,9.6450359,14.870688,10.3542272,15.84262,1.5469156,13249,531365,896,972,1877,26227,23840,18622,18401,25588,20197,175,252,407,39338,17778,1749,14197,14768,9850,407,442,362,57.3,6.5,4,0.1,0.8,3,1.1,0.8,8.3
54,E06000057,North East,64,Northumberland,3.8875708,3.0699431,4.8306673,5.0793556,7.3822133,0.39700855,13783,781177,0,3516,4199,0,42890,12239,0,45404,12626,0,527,239,0,31427,1277,0,24248,7176,0,724,256,23.3,19,9.9,0.1,0.8,30.9,NA,NA,44
55,E07000004,South East,221,Aylesbury Vale,7.7282053,10.459074,9.973962,9.1463017,13.810005,0.88887599,13458,539401,146,1161,846,4863,18148,14956,3412,20060,15342,31,223,204,4117,9276,1133,2087,9606,5901,60,303,211,17.7,15.2,3,0.2,0.6,5.9,1.2,1,9.9
56,E07000005,South East,489,Chiltern,10.5509316,11.253991,13.934588,9.8638892,14.544995,0.98873227,19165,219174,30,396,524,1768,6727,6546,1234,7588,7399,13,81,112,1769,1491,369,838,3064,2729,24,98,103,6.9,3.3,0.9,0,0.1,0.9,0.4,0.4,5.2
57,E07000006,South East,496,South Bucks,15.723117,10.0625959,21.753975,10.38434,14.987586,1.2725284,19404,212348,1341,380,445,42104,6746,5759,29476,7187,6511,417,129,93,33381,2563,362,18457,3646,2384,524,109,90,3.9,1.3,2.8,0,0.1,0.5,0.3,0.3,3.4
58,E07000007,South East,538,Wycombe,9.3677077,11.603637,12.250128,9.4669245,14.142178,0.80596799,15849,291468,925,900,844,19879,10340,10506,14086,12178,11923,159,133,170,13988,2917,573,9755,4727,4418,278,155,167,8.8,6.6,3.8,0.2,0.4,1.8,0.9,0.8,8.5
59,E07000008,East,3090,Cambridge,14.0398031,10.723327,19.208401,10.3428173,15.7755,1.3099645,13176,489860,36,819,898,959,4352,4475,673,5568,5595,10,89,137,1192,1595,248,474,2238,2508,14,80,100,3.3,0.3,0.1,0.1,0.1,0.1,0.2,0.2,3.2
60,E07000009,East,137,East Cambridgeshire,7.196457,13.28291,9.2260657,9.7284834,16.401758,0.91741179,13223,358850,0,668,615,0,14631,7801,0,15073,7720,0,173,170,0,18989,793,0,9506,4418,0,280,154,6.7,8.1,2.7,0,0.4,2.2,0.6,0.4,3
61,E07000010,East,186,Fenland,7.2036792,10.905031,9.250054,9.7234813,16.943409,1.3493204,12900,2458504,0,329,1180,0,5990,9712,0,6419,10711,0,71,240,0,8013,861,0,4257,5463,0,131,202,8.9,5.5,2.2,0,0.2,1.8,0.8,0.5,3.5
62,E07000011,East,196,Huntingdonshire,9.3931915,9.5884524,12.245406,9.6933509,15.923307,1.01174296,12872,428538,213,795,1459,13149,26513,15720,9225,27873,16180,121,285,350,23160,53758,1827,7764,18574,8814,223,545,314,19.5,7.4,0.9,0.1,0.5,2.8,0.9,0.7,6
63,E07000012,East,175,South Cambridgeshire,7.3911396,12.372801,9.4888027,9.5571141,15.671176,0.89220718,13886,1009083,331,1376,1079,11317,32783,11992,7953,33820,12068,111,459,262,16858,36317,1224,6028,19090,6607,173,557,233,20.3,13.5,1.8,0.1,0.5,3.3,0.9,0.6,6.3
64,E07000026,North West,79,Allerdale,4.101635,3.0095067,5.1038051,4.7698073,7.207602,0.54814907,13703,1464628,0,1268,467,0,10054,6381,0,10901,6247,0,128,116,0,7302,999,0,6689,3201,0,209,111,9.1,8.5,0.5,0,0.3,12.1,2.3,1.3,247.7
65,E07000027,North West,861,Barrow-in-Furness,12.7273997,4.0888663,17.7032027,7.6728104,10.6241448,2.8608185,11547,1546974,0,120,155,0,2043,1352,0,2396,1645,0,38,30,0,981,100,0,1102,744,0,36,29,30.2,0.5,0.3,0,0,0.4,0.5,0.4,4.7
66,E07000028,North West,104,Carlisle,9.6188772,2.5603494,12.620967,6.4412244,9.4925527,1.08099908,13337,956613,333,866,449,7982,7034,5017,6353,7991,5210,57,102,110,20929,7191,452,5878,4582,2647,167,148,95,8.6,7.1,3.4,0,0.2,10.2,1.8,1.1,4.3
67,E07000029,North West,94,Copeland,3.8871822,3.4144278,4.8296503,4.8453715,7.3139754,0.61938207,13573,320257,0,534,242,0,4463,2709,0,4985,2766,0,101,60,0,1641,228,0,2357,1434,0,74,51,15.9,3.1,0.7,0.1,0.1,3.9,1.2,0.7,6
68,E07000030,North West,25,Eden,5.2316422,3.5392,6.5719099,5.1360639,7.6420366,0.59954624,14132,3037604,972,741,353,19892,10469,5558,13992,10987,5388,105,166,124,44889,16306,526,13808,6305,2837,395,191,98,7.4,14.6,2.8,0.1,0.5,16.9,2.8,1.5,3.6
69,E07000031,North West,68,South Lakeland,6.9430999,3.7705112,8.833435,5.7360738,9.133964,0.63358659,14151,781456,593,1484,503,11621,16725,6721,8153,17678,6664,107,313,145,18571,8261,595,7604,10191,3472,218,307,121,12.3,10.2,1.7,0,0.5,11.4,2,1.2,5.4
70,E07000032,East Midlands,477,Amber Valley,10.8315989,4.6666168,14.339093,7.9724066,12.27071,1.5907662,13909,819817,0,617,1060,0,11775,7915,0,12611,9015,0,163,129,0,9464,882,0,7210,3135,0,215,118,11.1,1.4,4.7,0,0.1,2.3,1.1,0.7,4
71,E07000033,East Midlands,496,Bolsover,10.750084,4.3229535,14.182632,8.032105,13.752783,1.8482894,13236,893125,408,249,509,18079,4890,4668,12715,5305,5186,61,58,74,28951,4567,555,10977,3239,1954,314,98,72,9.7,0.6,0.9,0,0.1,0.7,1.8,0.9,27
72,E07000034,East Midlands,1584,Chesterfield,13.857115,3.6528513,18.940473,7.4918109,11.295953,2.0965203,12659,707051,48,309,1042,2137,4737,5844,1499,6135,7307,7,47,111,3856,2049,570,1491,2374,2127,43,86,85,3.9,0.3,2,0,0.1,0.2,0.9,0.5,2
73,E07000035,East Midlands,91,Derbyshire Dales,6.5049385,4.6260905,8.2911035,6.5041322,10.4602346,1.301031,15479,750778,0,676,551,0,10569,10067,0,11152,9889,0,163,115,0,12082,1384,0,6460,4726,0,193,164,18.6,4.5,0.5,0.1,0.3,7.7,1.1,0.6,3
74,E07000036,East Midlands,1053,Erewash,11.902982,4.7215365,15.905189,8.3691296,13.745464,1.3558586,13021,509060,200,558,971,7943,7327,5832,5740,8137,7130,33,94,109,12490,3346,561,4397,4038,2194,124,125,86,6.5,0.4,2.7,0.1,0,0.6,0.5,0.4,3.4
75,E07000037,East Midlands,171,High Peak,6.0212262,3.9209425,7.6393795,5.5988672,8.1563056,1.0881767,14668,1301540,0,540,665,0,7225,6247,0,7925,6796,0,139,88,0,6594,724,0,4477,2647,0,140,96,14.2,1.2,1.9,0,0.1,1.5,0.5,0.3,72.2
76,E07000038,East Midlands,367,North East Derbyshire,7.2864957,4.3030872,9.342608,6.4299199,9.9897856,1.3036986,14200,467921,144,562,955,5794,7280,8171,4065,8045,9162,26,111,133,9156,2995,952,3765,3695,3311,108,116,123,6.4,1.2,2.6,0,0.1,1.5,2.2,1.1,2.5
77,E07000039,East Midlands,309,South Derbyshire,9.342942,5.2760869,12.214542,8.118325,13.535331,1.2621606,13158,1225050,0,563,630,0,19876,6260,0,20678,6619,0,178,90,0,22092,718,0,12186,2681,0,351,96,9.7,2.3,5.6,0,0.2,2.6,1,0.6,9.1
78,E07000040,South West,177,East Devon,4.4250547,11.526021,5.5150696,5.81499,9.7121842,0.53770678,12025,365186,217,921,1028,7189,15785,9308,5059,16432,9635,47,242,219,4235,7598,998,4250,9621,4918,122,284,176,19,9.2,2.3,0.1,0.5,7.6,1.4,1,7.8
79,E07000041,South West,2773,Exeter,10.8247416,9.8805787,14.3143174,7.4702701,11.2773165,1.32668385,10631,669610,55,437,936,2651,3544,3755,1895,4428,4694,22,84,161,1810,1306,245,1479,1997,1999,42,69,80,5.2,0.4,0.9,0.5,0.2,0.2,0.4,0.5,5.6
80,E07000042,South West,89,Mid Devon,3.9930223,11.519217,4.9617107,5.6382026,9.4425973,0.51775786,10920,973429,327,546,595,11759,8000,6330,8250,8429,6259,49,117,144,9020,5266,792,6080,5666,3564,174,168,124,9.5,8.4,1.2,0,0.3,9.8,1.4,0.9,5.8
81,E07000043,South West,88,North Devon,4.0193632,10.420826,4.9923274,5.8727802,9.7108724,0.54846809,11469,411134,0,1020,873,0,9583,8637,0,10320,8706,0,143,208,0,5139,994,0,6003,4702,0,187,166,9.8,6.8,0.2,0.1,0.4,13.2,1.1,0.8,21.1
82,E07000044,South West,97,South Hams,4.2960591,11.593116,5.3509954,5.1396939,8.682319,0.45332187,11778,820759,0,1218,588,0,16437,6377,0,16835,6241,0,309,136,0,8384,742,0,11360,3456,0,330,120,18,8.2,1.2,0,0.5,7.8,1,0.7,5.6
83,E07000045,South West,197,Teignbridge,5.0744308,11.467825,6.3619008,5.5653932,9.1772338,0.68785042,11318,576752,35,1373,1038,2051,28862,7548,1482,30058,8047,19,397,210,1445,15572,778,1228,19255,4145,35,558,151,19.5,5.9,1.3,0,0.5,5.3,1.2,0.9,7.9
84,E07000046,South West,69,Torridge,3.6705805,10.87213,4.5492059,5.6258022,9.7029175,0.48652055,10712,299380,0,537,678,0,4927,6457,0,5219,6536,0,67,147,0,2883,756,0,3664,3463,0,112,122,16.6,8.9,0,0.1,0.4,11,1.2,0.8,5.1
85,E07000047,South West,48,West Devon,3.6461839,11.638387,4.5150111,5.0035982,8.0422072,0.45414012,12276,867231,0,789,524,0,11900,6021,0,12201,5876,0,156,127,0,8321,724,0,6914,3216,0,200,111,10.2,7.1,0.4,0,0.3,10,1,0.7,4.1
86,E07000061,South East,2336,Eastbourne,9.7524617,11.759843,12.8085308,9.3773453,13.624178,0.91453981,11457,375309,0,442,596,0,3611,4197,0,4746,5248,0,49,107,0,535,219,0,1739,2360,0,64,94,1.6,0.3,0.3,0,0,0.2,0.4,0.4,4.5
87,E07000062,South East,3124,Hastings,9.6733891,12.231186,12.6882748,9.8667392,14.291205,1.04308273,11569,259506,0,476,510,0,2317,4057,0,3170,5072,0,52,101,0,470,219,0,1202,2229,0,46,89,2,0.3,0.1,0,0,0.1,0.4,0.4,4.5
88,E07000063,South East,352,Lewes,11.0909904,11.441548,14.678283,9.6846534,14.452569,0.97356447,12811,300273,0,824,694,0,10095,6875,0,11197,7667,0,188,143,0,4126,492,0,7269,3631,0,227,136,3.6,4.8,1.8,0,0.2,2.2,0.6,0.6,6
89,E07000064,South East,188,Rother,7.5620654,13.162836,9.7325355,8.8040481,13.688777,0.84951548,13907,965603,0,566,747,0,8111,9698,0,8870,9992,0,160,168,0,3391,926,0,5126,4953,0,161,177,3.4,7,1.8,0,0.3,4,0.8,0.7,6.4
90,E07000065,South East,192,Wealden,7.3738905,12.607567,9.4789757,8.6758206,13.149523,0.8610468,14174,216162,0,980,1336,0,18043,17984,0,19189,18701,0,330,322,0,7266,1678,0,12586,9230,0,380,332,10.9,15.7,1.3,0.1,0.6,6.1,1.4,1.1,10.1
91,E07000066,East,1689,Basildon,18.189628,10.8033665,25.881148,10.804425,16.026555,1.4850599,12607,525073,0,603,1676,0,17166,11920,0,19651,14903,0,267,303,0,8650,901,0,10990,6439,0,347,257,8.5,0.7,0,0,0.1,0.5,0.4,0.4,4
92,E07000067,East,248,Braintree,11.6728812,11.992531,15.557248,10.2612966,15.909495,1.3252693,13138,362050,0,549,1363,0,16654,15418,0,17094,16671,0,224,320,0,14077,1638,0,11922,8487,0,342,311,11.6,8.6,0.3,0.1,0.3,2.1,0.8,0.6,5.2
93,E07000068,East,500,Brentwood,16.547783,10.978728,23.031353,10.865376,16.589454,1.283558,16357,273510,50,418,620,4080,12580,5466,2846,13446,6346,38,170,125,9313,10219,457,2774,9143,3046,78,267,116,3.6,0.6,0.2,0,0.1,0.6,0.2,0.2,1.8
94,E07000069,East,1998,Castle Point,14.451425,12.369334,19.946812,9.8696977,14.589595,1.1561509,14711,253904,0,267,926,0,4176,5988,0,4915,7487,0,69,155,0,1292,374,0,2718,3182,0,88,127,1.6,0.2,0,0,0,0.2,0.2,0.2,2.4
95,E07000070,East,523,Chelmsford,15.820256,11.02043,21.969149,10.893198,16.397975,1.7456404,13827,399084,0,1031,1694,0,24540,14130,0,26636,16070,0,298,320,0,17449,1141,0,15453,7470,0,466,281,10,5.7,0.2,0.1,0.4,1.3,0.7,0.5,5.3
96,E07000071,East,585,Colchester,14.486958,11.0917336,19.884129,10.553737,15.910501,1.479276,12846,435078,0,730,1561,0,19050,14953,0,20681,16970,0,232,325,0,15667,1415,0,12795,8073,0,379,304,9.6,6.5,0.3,0,0.3,1.2,0.7,0.5,5.3
97,E07000072,East,387,Epping Forest,16.199255,10.499471,22.466074,10.770344,16.411959,1.10976128,15778,673859,1432,459,1186,37994,6526,11650,26464,7082,13252,449,99,259,52137,2694,1012,26141,4190,6345,744,132,240,5.2,2.9,0,0,0.3,1.1,0.5,0.4,3.2
98,E07000073,East,2836,Harlow,14.646809,10.711956,20.052829,10.328424,15.602346,1.2614583,11684,840170,71,273,728,1297,3307,4784,910,4489,5982,15,43,126,1387,1708,308,781,1929,2590,22,74,103,4.3,0.2,0,0,0,0.1,0.1,0.1,1.5
99,E07000074,East,180,Maldon,11.3033299,12.706679,15.087075,10.0109266,15.676423,1.3280006,13503,273480,0,44,556,0,960,7710,0,1014,7833,0,13,140,0,562,980,0,526,4340,0,16,154,9.3,6.6,0,0,0.3,1.6,0.6,0.4,2.4
100,E07000075,East,513,Rochford,13.297038,12.673199,18.168158,10.1034934,15.835545,1.22004642,14914,238722,0,189,831,0,3499,6930,0,4291,8246,0,55,154,0,1598,531,0,2392,3698,0,81,143,4.2,0.7,0,0,0,0.8,0.3,0.2,2.3
101,E07000076,East,432,Tendring,8.3853929,13.180653,10.871376,9.4568668,15.53917,0.88535795,12721,570449,0,367,1539,0,8263,15157,0,8642,16974,0,125,337,0,6026,1487,0,5475,7941,0,161,297,7.2,4.1,0.1,0,0.2,1.2,0.8,0.6,5.5
102,E07000077,East,139,Uttlesford,9.283396,12.340784,12.146907,9.6183207,15.836573,0.98511803,15205,383174,800,468,801,20861,10152,14418,14636,10292,14169,204,113,270,29044,6341,2056,12781,7067,7862,366,200,273,16.9,7.9,3.4,0,0.4,2.1,0.5,0.3,2.2
103,E07000078,South West,2513,Cheltenham,12.6487166,8.4189213,17.027794,9.7823787,14.347903,1.4798454,12462,446970,0,575,847,0,4057,4545,0,5369,5683,0,56,148,0,986,277,0,1845,2284,0,69,91,3.9,0.3,0.9,0.3,0.1,0.3,0.4,0.4,4.5
104,E07000079,South West,76,Cotswold,5.7545401,10.36799,7.2725684,8.4783781,13.764573,0.71572706,14131,356274,0,1010,611,0,18634,9667,0,19692,9436,0,267,148,0,12627,1180,0,10671,4914,0,321,170,20.8,10.2,0.8,0.1,0.6,7.7,1,0.7,4.9
105,E07000080,South West,164,Forest of Dean,5.5670709,10.158138,7.0180787,7.7472725,11.573183,1.1165501,12514,1683301,59,439,675,3026,5257,8636,2123,5539,8810,35,131,163,4800,3591,1150,1589,3304,4407,46,100,156,8,10.2,4.4,0.1,0.3,3.8,1.8,1,5.3
106,E07000081,South West,3188,Gloucester,13.924985,8.0505031,18.981825,9.8998636,14.741141,1.7663361,11436,770093,0,385,877,5,6029,4931,4,7802,6165,0,113,155,5,2236,318,3,3222,2463,0,116,98,5.5,0.4,1.1,0.1,0.1,0.2,0.5,0.5,5.4
107,E07000082,South West,258,Stroud,9.3267884,9.7886224,12.165969,8.7936286,13.003305,1.3319817,13460,543935,323,452,1126,21665,6205,9404,15200,7316,10401,118,132,229,22991,2794,827,10852,3576,4677,311,119,174,13.1,5.2,2.1,0,0.3,4.2,0.9,0.7,5.6
108,E07000083,South West,223,Tewkesbury,9.2137543,8.9272931,12.0031656,8.6695742,13.293085,1.11218961,12092,769748,283,639,810,17573,10776,7279,12369,11259,7948,104,196,168,21371,5490,767,9082,5585,3620,260,165,134,16.3,3.2,1.4,0,0.2,3.4,0.5,0.4,4.1
109,E07000084,South East,277,Basingstoke and Deane,8.7213786,13.97597,11.354077,8.8966473,14.168392,0.66297759,12547,738473,488,904,1209,18268,20828,14016,12823,23260,15107,124,243,254,10698,18219,1156,8094,10835,7121,232,336,262,10.1,9.8,4.8,0.1,0.6,3.6,1,0.9,9.2
110,E07000085,South East,235,East Hampshire,7.9886517,13.802934,10.329016,8.6696677,13.273945,1.1695854,14389,283743,40,688,974,1655,19857,13041,1180,20341,13805,20,356,226,643,9146,1155,873,14142,6699,25,404,244,12.1,7.2,0.2,0.1,0.2,2.9,0.8,0.7,7.1
111,E07000086,South East,1653,Eastleigh,17.224192,10.7257392,24.227103,10.5595776,15.243437,2.4427229,12066,375366,466,192,854,18703,3248,7366,13338,4214,9083,192,63,161,12005,1053,546,9483,1804,3978,270,64,158,8.6,0.7,3,0,0.1,0.4,0.6,0.6,7.3
112,E07000087,South East,1567,Fareham,16.889873,10.8429516,23.667041,10.5771411,15.240265,2.3192516,12263,660945,247,320,766,11766,4917,6165,8370,6191,7520,177,146,139,6092,1401,341,6198,2760,3384,176,93,134,4.9,0.7,0.3,0.5,0.1,0.4,0.6,0.6,7.1
113,E07000088,South East,3363,Gosport,19.420024,9.5027105,28.767979,10.0079637,14.180713,1.8669096,10436,405464,0,111,576,0,1126,5312,0,1560,6641,0,42,127,0,331,269,0,679,2619,0,26,105,2.1,0.2,NA,0,0,0.1,0.3,0.4,4.7
114,E07000089,South East,447,Hart,11.3203007,12.440316,15.04545,9.3058363,13.777085,0.97055862,15960,361592,512,130,624,12467,5640,7983,8746,6112,8756,111,83,144,6658,1863,772,5213,2939,4029,149,90,150,5.7,1.8,0.6,0,0.3,1,0.4,0.4,4.9
115,E07000090,South East,2272,Havant,13.111792,11.7303524,17.878951,9.4133959,13.618123,1.2398495,11912,280872,88,372,870,4137,6643,6311,2989,7910,7891,48,116,141,1449,2852,450,2002,3974,3442,57,129,137,6.2,0.4,0,0,0.1,0.3,0.6,0.7,8
116,E07000091,South East,239,New Forest,8.9320178,13.501277,11.628505,8.2879533,12.030217,0.84011646,13091,336494,111,1143,1657,5580,22808,20963,3915,24467,22515,58,338,366,2517,10959,1757,3010,13338,10549,86,398,388,428.3,6.8,1,0,0.5,3.5,1.4,1.2,11.9
117,E07000092,South East,2437,Rushmoor,13.147771,11.556709,17.817997,9.9326381,14.147054,1.3883642,12690,399451,70,254,601,2944,6049,4605,2127,8232,5757,26,92,109,1849,1937,258,1276,3099,2576,36,118,103,4,0.3,0.5,0,0.1,0.1,0.3,0.3,4
118,E07000093,South East,199,Test Valley,8.0586544,14.446883,10.434156,8.4999448,13.252569,0.71932901,12189,730610,339,944,890,14901,19601,11928,10481,20475,12510,144,253,203,11134,12250,1052,8138,10955,6016,233,319,218,14.4,12.6,3.3,0.1,0.4,4.5,0.9,0.7,6.9
119,E07000094,South East,188,Winchester,14.594964,12.065175,19.941687,9.9027878,14.645713,1.09658612,13817,399109,627,632,946,20703,13958,14293,14581,14332,14498,169,246,267,15482,10918,1307,10052,8097,6894,288,234,245,10.5,8.9,0.6,0.1,0.5,4.4,0.9,0.7,6.6
120,E07000095,East,1883,Broxbourne,13.8009,10.842063,18.7203,10.2505087,15.414835,1.1131381,13630,378977,0,270,715,0,5822,6134,0,6837,7652,0,87,143,0,4227,488,0,3696,3241,0,121,129,12.4,0.3,0,0,0,0.2,0.2,0.2,2
121,E07000096,East,726,Dacorum,10.8799886,10.832739,14.40808,9.7233982,14.57333,0.93637798,14636,317918,165,577,1079,5286,12209,10371,3707,13641,12160,36,171,226,6228,5101,920,2781,7058,5557,80,218,213,4.4,1.6,0.3,0,0.6,1,0.4,0.3,3.2
122,E07000098,East,1030,Hertsmere,15.103082,10.2512001,20.760393,10.419127,15.678257,1.08339455,16200,376066,722,594,732,19964,7463,6834,14072,7789,8183,201,133,142,25974,1969,938,12649,4004,3639,358,120,142,10.7,0.5,0.2,0,0.2,0.4,0.2,0.2,2.1
123,E07000099,East,355,North Hertfordshire,12.778806,10.267245,17.173255,10.1532783,16.11146,0.98043399,14092,378307,116,493,1086,8655,10791,12064,6116,11806,13551,98,136,243,4622,4525,1208,4041,5432,6450,115,167,242,13.9,3.4,0.5,0,0.2,1.7,0.4,0.4,3.3
124,E07000102,East,1048,Three Rivers,16.238475,9.6982745,22.394609,10.503365,15.885116,0.82349506,17075,302495,502,272,780,21949,4341,6581,15310,5120,8110,156,57,151,20329,1143,521,11570,2202,3546,327,75,140,3.1,0.6,0.1,0,0.2,0.4,0.2,0.2,2.1
125,E07000103,East,4515,Watford,18.448045,9.0680457,26.124575,11.186909,16.200933,1.3078189,14207,368128,65,542,507,1118,5121,3916,780,6572,4896,15,67,94,596,1108,278,664,2358,2093,19,89,84,2.7,0.2,0.1,0,0.2,0,0.2,0.2,2.1
126,E07000105,South East,223,Ashford,14.322889,11.862994,19.589059,10.751593,16.145902,1.6453384,12306,588473,424,667,662,9394,10723,8194,6630,12116,8511,128,155,149,17552,4429,768,5883,6144,4255,168,197,153,8.9,10.4,0.5,0,0.3,3.2,1,0.8,10.1
127,E07000106,South East,533,Canterbury,12.450438,12.714795,16.761355,10.2879434,15.437059,1.2369864,13133,462513,0,1512,883,0,14218,7580,0,15688,8854,0,210,163,0,8885,583,0,8658,4198,0,265,162,4.5,2.5,0,0,0.2,1.2,0.9,0.8,8.3
128,E07000107,South East,1508,Dartford,22.581093,8.8504795,33.327713,12.671152,18.579904,2.0691171,12410,478117,247,1078,459,8227,17541,4007,8560,18358,4775,135,431,93,19385,13533,275,5631,12561,2252,180,373,88,6.3,0.5,0,0,0.4,0.2,0.4,0.4,5
129,E07000108,South East,371,Dover,12.445722,12.340555,16.870737,9.2830064,13.6668,0.88137497,11800,734245,0,1072,573,0,9091,6286,0,9988,6766,0,150,122,0,7877,549,0,4947,3368,0,152,124,4.8,3.2,0,0.1,0.2,1.3,0.9,0.7,7
130,E07000109,South East,1074,Gravesham,15.548436,11.900027,21.583543,10.4452832,15.951771,1.1054197,12775,1172612,40,635,413,1621,11844,3581,1137,12445,4155,26,263,83,1587,9381,255,1119,7746,2021,32,225,78,3.3,1.6,0,0,0,0.4,0.5,0.5,5.3
131,E07000110,South East,432,Maidstone,15.634395,11.785025,21.634813,11.33407,16.441622,1.5625265,12975,374707,479,851,764,16438,11789,8629,11579,13306,9387,202,172,168,23777,6267,776,10389,7736,4777,297,239,177,8.4,5.6,0,0,0.4,2.5,1,0.9,9.8
132,E07000111,South East,326,Sevenoaks,11.530704,12.743179,15.365029,9.8675435,14.459581,0.94315715,16283,209335,822,395,626,31020,9504,8076,21674,10223,8563,365,196,159,36508,3802,749,20698,6045,4296,587,180,157,6.5,6.8,1.8,0,0.4,2.2,0.8,0.7,6.8
133,E07000112,South East,316,Folkestone and Hythe,8.0479912,13.734235,10.419863,8.9702158,14.437153,0.73173141,11986,303406,330,902,535,5822,6738,6682,4107,7764,7104,78,105,126,8734,3020,637,3139,3858,3532,90,126,129,7.1,5.2,0,0,0.2,1.9,0.8,0.6,6.3
134,E07000113,South East,397,Swale,12.344336,13.227106,16.675418,9.6430254,14.190754,1.09248302,11970,931073,372,483,751,12414,11519,7821,8710,12352,8620,115,137,163,10979,9877,648,8607,7806,4214,247,234,157,15.2,2.7,0.9,0,0.2,1.8,0.9,0.8,45.9
135,E07000114,South East,1372,Thanet,10.397689,12.992172,13.786716,9.4693485,15.369601,0.90823635,11776,1261947,0,614,638,0,7156,5402,0,8268,6561,0,120,129,0,2444,367,0,4419,3058,0,140,120,4.4,0.6,0.1,0,0.1,0.3,0.6,0.6,7.4
136,E07000115,South East,543,Tonbridge and Malling,10.399302,13.393378,13.737099,9.3572421,13.878189,0.90196347,13735,400121,633,714,639,19905,14199,6547,14066,15243,7403,293,225,129,24767,6417,580,12509,8224,3526,357,245,133,6,3.2,0.1,0.1,0.2,1.3,0.7,0.6,12.2
137,E07000116,South East,356,Tunbridge Wells,11.3745237,12.293687,15.161567,10.3658395,14.852275,1.20106854,15270,235271,0,686,532,0,9791,6513,0,10852,7054,0,147,123,0,4294,618,0,5944,3551,0,187,131,4.6,7.2,0.1,0,0.2,2.2,0.7,0.6,6.1
138,E07000117,North West,800,Burnley,13.0862679,4.064852,17.706813,8.038454,11.4627556,1.7059665,12873,429288,74,542,303,3601,4963,4538,2582,6119,5479,17,44,83,1740,1726,356,1839,2694,2070,52,93,81,4.4,0.6,0.2,0,0,0.5,0.5,0.4,3.9
139,E07000118,North West,576,Chorley,13.646421,4.2202382,18.456619,8.0273787,12.399716,1.7229404,13266,814053,505,585,487,23061,4942,6254,16444,5861,7165,125,60,118,21855,1330,573,12783,2320,2887,364,78,110,2.8,1.7,1.6,0,0.1,1.4,0.8,0.5,3.4
140,E07000119,North West,481,Fylde,9.761127,4.9217112,12.773518,6.8352074,10.983877,1.33528156,14405,456287,173,424,416,6124,5900,5469,4297,6729,6276,33,73,101,2448,1923,489,3500,2581,2490,100,83,95,12.6,1.3,2.3,0,0.1,1.4,0.4,0.2,1.8
141,E07000120,North West,1107,Hyndburn,12.82756,4.1590016,17.248557,8.1531324,11.923051,1.6712676,13011,540375,149,401,395,5429,3910,4557,3923,4556,5698,23,40,85,3607,2105,389,2742,2157,2127,77,68,85,6.5,0.3,0.1,0,0,0.5,0.4,0.4,3.8
142,E07000121,North West,250,Lancaster,11.3134675,4.4492269,15.038448,7.3813778,10.7710447,1.35111041,12814,699492,655,855,562,15305,6861,9023,10738,8063,10062,145,171,169,18860,3532,887,9744,3693,4210,279,124,157,6.3,3.9,1.6,0,0.2,5.5,0.9,0.7,5.4
143,E07000122,North West,540,Pendle,8.3436411,4.7790488,10.8042114,6.671892,9.5685891,1.2361235,13823,468691,69,405,420,3148,3714,5662,2275,4519,6654,15,42,101,1118,1421,468,1469,2103,2617,41,73,101,7.9,1.4,0.5,0,0,1.5,0.8,0.6,5
144,E07000123,North West,997,Preston,13.641234,4.3019607,18.463375,8.1142757,11.970218,1.6524282,12996,510476,500,736,796,17073,5436,8239,12063,6921,9787,96,70,137,15122,1423,739,9377,2484,3753,268,89,145,6.8,2,1,0,0.2,1.6,0.6,0.5,5.1
145,E07000124,North West,103,Ribble Valley,5.7735177,5.1869038,7.2999064,5.8716342,8.6376488,0.82483742,15089,807832,0,316,306,0,5025,6163,0,5337,6220,0,68,114,0,3576,593,0,2567,2758,0,79,97,9.4,4.6,0.8,0,0.3,5.7,0.8,0.5,38.5
146,E07000125,North West,514,Rossendale,9.0732921,4.3900939,11.800511,6.7001243,9.8903131,1.3091639,14566,734690,12,514,386,346,6547,5045,244,7393,5950,3,67,89,212,3630,447,220,4316,2427,6,132,93,5.9,0.6,NA,0,0,0.5,0.4,0.3,2.2
147,E07000126,North West,979,South Ribble,9.5995921,4.8277758,12.523162,7.1073914,11.164619,1.1694135,13019,697633,224,429,763,11932,7215,7380,8491,8709,9049,81,93,128,10462,2906,636,6625,3475,3412,189,117,135,42.5,1.1,0.3,0,0.1,0.9,0.5,0.4,3.9
148,E07000127,North West,329,West Lancashire,8.4341746,5.1907431,10.9477787,7.3310162,12.650083,1.5372106,13955,1165263,115,551,472,6078,8449,7756,4306,9270,8674,25,149,136,5817,3319,906,3653,3973,3509,104,123,131,15.8,3.9,0.6,0,0.3,1.5,0.8,0.5,2.5
149,E07000128,North West,394,Wyre,6.315037,5.3170502,8.0132381,6.2798827,10.4496938,0.80040751,13443,989971,318,462,564,8079,4926,7124,5668,5767,8069,67,78,131,9456,1795,643,4380,2524,3217,126,83,121,8.4,3.3,0.5,0,0.1,2.8,0.8,0.5,3.9
150,E07000129,East Midlands,770,Blaby,13.556571,3.965564,18.396489,9.3989527,14.569436,1.2947569,14044,400113,454,357,1112,19088,5115,7496,13537,6117,9050,89,62,138,27047,2828,1144,11737,2646,3464,335,88,135,4.6,0.6,1.4,0,0.1,0.7,0.3,0.2,2.1
151,E07000130,East Midlands,655,Charnwood,13.694956,4.1746318,18.689423,9.1047368,14.328625,1.8437166,13631,775332,105,865,1689,4451,15824,8836,3122,17047,10364,23,151,189,6537,10682,1033,2819,9374,4156,81,281,159,22.9,1.1,5.2,0,0.2,1.7,0.5,0.4,3.5
152,E07000131,East Midlands,156,Harborough,7.8112756,4.0134597,10.0855133,8.589987,13.804369,0.80703188,15086,430459,376,324,652,12506,7857,7806,8774,8268,7824,68,90,115,24419,7405,1131,7254,4460,4286,208,134,150,8.3,4.1,1.1,0,0.3,4.7,0.4,0.3,2
153,E07000132,East Midlands,378,Hinckley and Bosworth,8.6530044,5.5974094,11.25171,8.3474618,13.673197,1.1095117,13470,578637,180,335,1062,9120,7052,7381,6423,7559,8217,38,110,144,13390,6104,988,5738,4522,3685,164,134,136,12.2,2.2,0.7,0,0.2,1.8,0.6,0.4,2.7
154,E07000133,East Midlands,106,Melton,7.2030487,4.9129033,9.2460974,8.3378857,14.000905,0.93997896,13869,928492,0,321,536,0,3705,5322,0,4287,5499,0,48,83,0,3721,926,0,2760,2894,0,89,103,5.8,3,1.3,0,0.2,3.4,0.4,0.2,1.6
155,E07000134,East Midlands,366,North West Leicestershire,10.7209861,4.974944,14.164932,8.6505131,14.061202,1.8414786,14053,1785295,356,462,831,14295,16027,6671,10029,16415,7154,75,147,120,21265,24137,910,9104,11045,3385,261,318,123,79.7,2.4,4.1,0,0.4,1.7,1.6,0.9,2.4
156,E07000135,East Midlands,2425,Oadby and Wigston,13.037681,3.8307437,17.682746,9.3275054,14.19251,1.2464252,14910,303729,0,111,613,0,1172,2654,0,1575,3319,0,10,69,0,320,291,0,475,1155,0,18,46,3.5,0.1,0.5,0,0,0.1,0.1,0.1,1
157,E07000136,East Midlands,190,Boston,12.190581,7.5537968,16.464751,9.5184516,15.386459,1.4489261,12568,407263,0,398,654,0,5625,3417,0,6271,3588,0,68,77,0,8225,606,0,3554,2062,0,113,74,5.4,4.1,0.2,0.5,0.2,1.3,0.7,0.4,2.3
158,E07000137,East Midlands,80,East Lindsey,8.4153666,7.6649797,10.960846,8.6610455,15.652248,0.72528151,12839,413812,0,1474,1656,0,14298,10571,0,15281,10720,0,241,237,0,9327,1899,0,9379,6882,0,289,242,12.5,17.9,0.3,0.4,0.5,7.8,2.4,1.3,4.9
159,E07000138,East Midlands,2775,Lincoln,13.542678,5.4767413,18.535261,9.5637684,15.596693,1.7085057,11902,629964,0,281,902,0,3176,2322,0,3957,2904,0,70,85,0,2146,284,0,1762,1200,0,61,48,5.5,0.2,0.4,0,0.1,0.1,0.2,0.2,1.9
160,E07000139,East Midlands,126,North Kesteven,7.9292395,6.4348965,10.258637,8.9241434,16.195458,0.96356159,13008,655751,0,535,948,0,12824,6680,0,13449,6691,0,159,150,0,15758,1169,0,8478,4229,0,253,148,12.8,8.4,1,0.1,0.3,4.2,1.3,0.7,4.8
161,E07000140,East Midlands,125,South Holland,8.1675474,8.625842,10.5739563,9.4540104,16.438921,1.01409916,13054,1074978,0,478,888,0,7685,5989,0,8151,6132,0,78,134,0,12988,1227,0,4995,3877,0,153,137,8.4,8.2,2.2,0,0.6,2.5,1.3,0.7,2.7
162,E07000141,East Midlands,150,South Kesteven,7.1225922,6.1275966,9.1421749,8.7778288,15.458568,0.82032809,12912,758446,0,751,1286,0,18483,6153,0,19398,6497,0,215,164,0,34125,973,0,12503,3828,0,366,137,28,9.4,3,0.1,0.5,3.9,1.1,0.7,3.8
163,E07000142,East Midlands,82,West Lindsey,8.1436393,6.4375818,10.56675,8.9344725,16.2441,1.1337251,13548,705173,0,680,797,0,12647,6476,0,13396,6339,0,269,153,0,11479,1187,0,7317,4225,0,224,146,9.9,9.2,2.7,0,0.2,5.5,1.1,0.6,2.6
164,E07000143,East,107,Breckland,6.6933411,11.516794,8.5530648,9.4034464,15.979686,0.7262731,11967,602216,0,1065,1448,0,18303,15650,0,19007,15782,0,243,359,0,19643,1874,0,13907,8935,0,409,315,20.3,16.6,1,0.1,0.4,3.9,1.7,1,5.1
165,E07000144,East,234,Broadland,9.4754409,9.8803727,12.423319,9.4708456,15.494778,0.98153575,13187,777655,0,1061,1178,0,11312,10581,0,12265,11089,0,166,249,0,4900,1178,0,6532,5972,0,201,215,18.1,8.3,0.5,0,0.4,2.1,1,0.7,4.7
166,E07000145,East,570,Great Yarmouth,19.402543,8.030482,29.414189,9.864456,14.415765,1.36850381,11146,382318,0,544,846,0,6110,5344,0,7035,6149,0,96,151,0,2152,367,0,3276,3047,0,105,116,4.2,6.4,0.1,0,0.3,0.8,0.8,0.6,4.4
167,E07000146,East,106,King's Lynn and West Norfolk,8.2669646,10.647008,10.7110415,9.7674029,16.568682,1.07476288,12355,5391348,0,1439,1641,0,17013,17172,0,18285,17339,0,219,403,0,17777,1679,0,10742,9867,0,329,348,14.2,21.6,0,0.8,0.6,4.9,2,1.2,5.7
168,E07000147,East,109,North Norfolk,7.26652,9.0773417,9.3405997,9.1490346,15.820883,0.82706557,12435,688690,0,770,959,0,8085,12505,0,8480,12145,0,112,277,0,3730,1188,0,4680,7226,0,143,249,14.4,15.8,0.3,0.1,0.5,3.7,2,1.2,5.4
169,E07000148,East,3617,Norwich,15.67663,8.914201,21.767669,10.567116,15.797127,1.4206377,11047,622051,0,976,1165,0,5561,5422,0,7595,6778,0,120,180,0,2033,272,0,3173,3002,0,122,120,7.1,0.4,1.1,0.1,0.1,0.1,0.4,0.3,3.6
170,E07000149,East,152,South Norfolk,7.7018246,12.364633,9.9355458,9.3307956,15.911635,0.86471849,12337,965180,0,1272,1376,0,23616,14988,0,24257,15073,0,340,329,0,16171,1756,0,14839,8455,0,434,297,16.1,17.6,1.6,0.2,0.6,3.8,1.5,0.9,5
171,E07000150,East Midlands,882,Corby,11.919235,3.6010628,15.979994,9.288019,14.095892,1.12909291,12817,1843576,0,209,817,0,3737,3828,0,4452,4620,0,37,91,0,3373,476,0,2051,1781,0,67,69,8.1,0.4,0.5,0,0.1,0.3,0.1,0.1,0.9
172,E07000151,East Midlands,128,Daventry,10.3685578,5.7877538,13.6826673,9.2167967,13.954005,1.38117843,13883,597108,567,469,751,17002,15089,8099,11929,15832,8250,65,129,126,36014,25019,1293,9732,9996,4562,279,296,161,10.4,6.1,0.7,0,0.4,4.5,0.4,0.3,2
173,E07000152,East Midlands,184,East Northamptonshire,8.0025044,5.54034,10.3448439,9.022559,14.659196,0.81579226,13080,354467,0,378,650,0,12166,6409,0,12807,6620,0,126,106,0,19873,1015,0,8166,3562,0,243,126,8.7,4,0.3,0,0.2,1.9,0.4,0.3,2
174,E07000153,East Midlands,434,Kettering,16.571681,3.5855336,23.258172,10.3777428,15.896916,1.3943344,12946,987375,0,634,969,0,16987,5786,0,18083,6708,0,133,121,0,24247,814,0,10836,2936,0,317,111,5.6,1.4,1.6,0,0.2,1.2,0.3,0.2,2.5
175,E07000154,East Midlands,2787,Northampton,17.325823,4.709371,24.464075,10.653191,16.722068,1.4215557,12513,504006,0,1337,2413,10,18416,10203,7,22628,12757,0,155,256,19,11756,1233,6,8589,4600,0,291,184,12.8,0.5,0.1,0,0.1,0.3,0.4,0.4,4.4
176,E07000155,East Midlands,146,South Northamptonshire,7.3084967,8.1039968,9.3782932,8.8761595,14.178386,0.77895896,14273,438478,735,727,526,20749,17713,7662,14557,18139,7508,145,196,105,37825,17867,1250,12432,10417,4409,356,302,152,10.6,5.7,5.6,0,0.4,3.8,0.5,0.3,2.2
177,E07000156,East Midlands,487,Wellingborough,13.16222,5.1192366,17.800439,10.211822,16.150096,1.2500575,12782,379653,0,376,673,0,10948,4305,0,11680,4839,0,106,93,0,7852,617,0,6082,2165,0,183,81,5.9,0.5,1.2,0,0.1,0.8,0.2,0.2,1.8
178,E07000163,Yorkshire and The Humber,48,Craven,4.6019425,5.5714128,5.7579793,5.6776933,8.2044343,0.64394021,14664,392238,0,518,604,0,8042,4657,0,8597,4604,0,151,113,0,5474,443,0,4018,2733,0,124,95,5.5,5.1,1.5,0,0.2,8,0.6,0.4,2
179,E07000164,Yorkshire and The Humber,70,Hambleton,5.9157971,6.6149017,7.4832333,7.1574539,12.472502,0.85314601,13686,1113519,120,1072,936,5216,18117,7415,3660,18738,7219,24,208,179,11775,26440,857,3481,13040,4210,100,380,146,15.1,16,7,0.1,0.5,8.1,1.2,0.6,2.1
180,E07000165,Yorkshire and The Humber,123,Harrogate,11.0613374,5.1863121,14.689811,7.1756871,10.673965,1.0978651,15684,446667,571,1237,1576,20634,13862,11078,14477,15364,11372,118,148,221,35808,8607,1812,12229,7056,6246,351,225,223,15,12,0.8,0.1,0.6,8.7,1,0.6,3.5
181,E07000166,Yorkshire and The Humber,40,Richmondshire,4.1415121,5.2863411,5.1595294,5.5276878,7.9791735,0.5294119,14034,583604,101,757,698,3412,9415,5602,2394,9655,5545,14,129,131,5123,14578,525,1708,6189,3110,49,179,109,5.7,9.3,0.2,0,0.4,6.6,0.7,0.4,1.3
182,E07000167,Yorkshire and The Humber,36,Ryedale,5.1561974,7.6872238,6.4873308,7.213953,12.564823,0.83029568,13522,1523641,0,820,942,0,9629,7632,0,9951,7413,0,206,185,0,7092,1294,0,6081,4339,0,180,150,20.8,10.6,0.8,0.2,0.5,7.8,1.4,0.8,2.2
183,E07000168,Yorkshire and The Humber,133,Scarborough,8.8684125,6.962021,11.5473635,7.4492203,11.803759,1.10598081,12936,632809,0,1259,1024,0,8481,5987,0,9539,6264,0,217,132,0,3481,481,0,4685,3458,0,153,125,10.3,5.6,2.3,0,0.3,4.1,1,0.6,3
184,E07000169,Yorkshire and The Humber,149,Selby,10.1425978,5.5741061,13.40106,8.3397476,14.019654,1.8227236,13329,5689216,177,909,575,7580,14417,4128,5318,14962,4103,47,187,95,16727,10695,295,5015,8344,2303,144,244,81,28.3,9.1,5.2,0.1,0.3,2.5,1.3,0.7,3.6
185,E07000170,East Midlands,1161,Ashfield,6.3213069,2.8665758,8.0264438,5.784064,9.2468985,0.95996539,13304,576072,155,216,1330,6474,5718,7635,4542,6700,9453,23,61,157,9590,3229,998,4146,3097,3444,119,102,137,13,0.6,0.7,0.1,0,0.4,1.1,0.6,2.3
186,E07000171,East Midlands,183,Bassetlaw,9.0156892,5.1014295,11.776149,8.8716471,15.635264,1.6118291,13327,816876,17,656,994,1720,16454,9376,1207,17292,10090,13,183,154,4584,27068,1369,1287,11273,4969,37,330,180,14.3,5.7,3.4,0.1,0.3,2.9,2.1,1.1,4.1
187,E07000172,East Midlands,1414,Broxtowe,17.527299,3.9249648,24.574007,9.3893937,14.671669,1.7368489,13784,1211999,349,495,1043,12183,6780,5498,8588,8258,6646,56,105,126,18961,3223,659,7578,3840,2387,217,128,93,11.8,0.4,1.5,0,0.1,0.3,0.4,0.3,2.3
188,E07000173,East Midlands,982,Gedling,11.651613,4.7745403,15.545033,8.8134043,14.918923,1.5159,14468,981629,0,354,851,0,4637,5126,0,5347,5932,0,53,105,0,1651,646,0,2233,2402,0,73,91,4.8,0.6,1.5,0.1,0,0.5,0.5,0.3,2.4
189,E07000174,East Midlands,1419,Mansfield,14.491803,4.1530877,19.868636,8.5082244,13.163788,2.1309624,13783,452379,0,546,933,0,5444,4754,0,6895,5810,0,59,104,0,1952,563,0,2583,2131,0,91,84,4.2,0.4,0.3,0,0,0.2,1.4,0.7,2.1
190,E07000175,East Midlands,187,Newark and Sherwood,8.1105704,5.3886375,10.493519,8.7551,15.959993,1.1616487,13760,1652889,0,812,871,0,22178,9630,0,22879,10086,0,239,136,0,32453,1471,0,15470,5047,0,451,181,12.8,5.2,2,0,0.3,3.1,1.4,0.8,3.7
191,E07000176,East Midlands,288,Rushcliffe,9.4633138,5.0353042,12.37408,8.9137833,15.747087,1.2555295,15533,1327132,0,1004,599,0,17946,5816,0,19188,6099,0,171,86,0,15881,822,0,10027,3062,0,303,109,4.7,2.6,1,0,0.1,2.3,0.5,0.3,2.4
192,E07000177,South East,253,Cherwell,10.4119044,8.9598801,13.709844,9.5760611,15.453203,0.88483523,12605,968030,696,934,847,27300,19025,9826,19268,20583,10297,202,233,181,34013,17036,856,13354,10279,5015,382,313,182,24.1,12.8,9.5,3.3,0.6,3.7,1,0.9,18.8
193,E07000178,South East,3384,Oxford,16.120844,9.1636407,22.594844,10.602193,15.678663,1.2886245,13620,589837,0,1751,716,0,6765,5339,0,8325,6674,0,127,136,0,3701,444,0,3477,2746,0,119,110,5.8,0.4,1.6,1.6,0.1,0.2,0.5,0.5,5.8
194,E07000179,South East,207,South Oxfordshire,8.8402162,12.095107,11.528481,9.2575348,13.987896,0.78543804,14479,379616,884,796,811,17400,11920,10515,12207,12583,10820,136,200,191,14717,5670,891,7362,6827,5376,211,208,192,8.4,9.7,6.1,0.1,0.4,5,1,0.8,8.4
195,E07000180,South East,232,Vale of White Horse,7.5270212,12.304048,9.6868932,9.0199695,14.19085,0.74691447,13654,436157,0,1183,791,0,25814,8836,0,26888,9305,0,325,173,0,26073,576,0,15020,4517,0,437,164,10.4,6.9,5.6,0,0.2,3.6,0.8,0.7,7.2
196,E07000181,South East,154,West Oxfordshire,6.4335314,11.113693,8.1947351,8.8613308,13.706867,0.84527771,14023,399282,0,576,666,0,10374,9755,0,10931,9793,0,177,172,0,5535,817,0,5703,4880,0,174,172,12.6,10.3,1.1,1,0.5,4.1,0.8,0.7,7.1
197,E07000187,South West,155,Mendip,6.1785447,11.214842,7.8218786,8.0167869,12.359193,0.85746083,12134,489880,0,647,1258,0,10864,11295,0,11612,11805,0,170,275,0,9223,1233,0,7228,5994,0,224,215,25.5,7.8,6.7,0.1,0.4,8.1,1.1,0.8,6.2
198,E07000188,South West,218,Sedgemoor,9.6641727,9.5521851,12.5824763,7.688114,12.215063,0.96504752,11038,714472,974,719,1199,24584,9242,9270,17248,10148,9888,152,169,245,22106,6013,898,11973,5699,4908,343,180,178,11.6,9.5,1.6,0,0.3,6,1.2,0.8,7.6
199,E07000189,South West,175,South Somerset,4.8547767,11.685855,6.0750603,7.3631671,11.650063,0.87155556,11404,789624,0,940,1338,0,22079,13219,0,23334,13440,0,270,293,0,15834,1540,0,14134,7107,0,421,251,21.8,15.1,6.3,1.6,0.6,9.2,1.9,1.3,10
200,E07000192,West Midlands,1269,Cannock Chase,10.7898962,6.383807,14.255215,8.2378354,12.350286,1.5565003,13436,654935,54,270,831,2006,4590,3710,1409,5431,4491,9,52,52,1234,3157,252,685,2752,1914,20,89,75,9.7,0.3,0.9,0,0.1,0.3,0.5,0.3,2.1
201,E07000193,West Midlands,306,East Staffordshire,7.1513941,5.8427943,9.1523867,6.9929202,10.880509,0.92556788,13277,1057963,0,591,1022,0,12219,7093,0,13902,7747,0,142,102,0,17048,1023,0,7289,3546,0,227,131,17.7,4.4,1.9,1.5,0.3,4.7,1,0.6,4
202,E07000194,West Midlands,314,Lichfield,11.724467,6.0148554,15.594286,8.3858733,12.831141,1.3267479,14828,344169,211,707,788,7616,19667,4934,5362,20838,5482,30,209,68,3772,19441,421,2416,11526,2547,69,342,95,9.2,2.7,2.7,0,0.5,2.1,0.6,0.4,2.8
203,E07000195,West Midlands,614,Newcastle-under-Lyme,13.74539,4.9556304,18.6336,7.9022031,12.19967,1.5271808,14049,975120,333,662,1071,11793,11661,6134,8522,13552,7399,69,112,87,25810,9770,503,3601,7097,3109,102,224,121,4.7,2,0.4,0,0.1,2.3,0.7,0.5,2.8
204,E07000196,West Midlands,275,South Staffordshire,6.7629918,8.3788569,8.6141799,7.6126542,12.54158,1.03597053,14694,1096788,702,469,846,24599,10008,6237,18239,10558,6795,134,135,84,42934,6736,614,14373,5810,3138,411,175,116,16,3,0.9,0,0.4,2.8,0.6,0.4,2.9
205,E07000197,West Midlands,227,Stafford,11.983991,6.2038892,15.982206,7.9782028,12.043454,1.3002557,13914,654184,602,860,1186,24020,12549,8013,16854,14310,8807,100,146,114,44673,7841,717,11728,6620,4122,336,208,153,8.8,7.2,0.7,0,0.3,6.4,1,0.6,3.3
206,E07000198,West Midlands,171,Staffordshire Moorlands,7.1949821,5.0339112,9.2197896,6.3948676,9.4947575,1.0651162,14822,1278767,0,707,885,0,8111,6953,0,8902,7416,0,101,94,0,7971,661,0,4967,3601,0,152,131,12,6.2,0.2,0,0.2,6.5,1.7,0.9,53.2
207,E07000199,West Midlands,2485,Tamworth,14.40302,5.3797339,19.723768,9.0045727,13.801214,1.522317,12458,510000,0,198,706,0,3573,2925,0,4216,3657,0,42,44,0,2364,188,0,1661,1499,0,54,60,3.1,0.2,1.3,0,0,0.1,0.3,0.2,1.6
208,E07000200,East,154,Babergh,7.3970374,12.841154,9.5144684,9.5345837,15.880561,0.818381,13117,777185,0,651,659,0,14452,6740,0,15125,6748,0,174,164,0,17002,858,0,10109,4343,0,297,152,12,10,0.2,0.1,0.3,2,0.8,0.5,3.5
209,E07000202,East,3480,Ipswich,14.72323,10.6772616,20.298459,10.893449,16.217853,1.5611351,11851,358230,0,687,852,0,6526,3610,0,8110,4513,0,107,132,0,4722,237,0,3316,2382,0,111,95,2.9,0.4,0.8,0,0,0.1,0.4,0.4,8
210,E07000203,East,118,Mid Suffolk,7.5438629,12.827114,9.7187061,9.6237849,16.428467,0.86246564,11691,1621294,0,434,796,0,14032,8730,0,14361,8611,0,170,218,0,24287,1133,0,10507,5916,0,302,206,23.3,16.6,1.2,0.2,0.5,2.9,1.1,0.7,4.1
211,E07000207,South East,1437,Elmbridge,8.5131815,8.3376262,11.0115339,8.1352052,13.195599,1.0702138,18592,196476,191,547,912,6926,15002,8506,4831,16737,10635,62,337,162,6269,3680,572,3569,8391,4230,101,265,169,2.7,0.8,0.4,0,0.1,0.3,0.5,0.5,6.3
212,E07000208,South East,2345,Epsom and Ewell,15.318141,10.669284,21.106891,11.11144,15.787716,1.4651382,16668,303968,0,213,431,0,2650,4679,0,3517,5850,0,66,104,0,614,270,0,1410,2195,0,55,88,0.5,0.2,2.3,0,0,0.1,0.3,0.3,3.6
213,E07000209,South East,546,Guildford,14.574467,10.9811282,19.982291,10.3455091,14.93493,1.313365,16073,360211,102,1289,759,4088,30040,9960,2852,32567,11141,42,574,160,3441,9731,811,1945,16855,4716,55,510,177,3.5,2.7,1.5,0,0.2,1,0.6,0.6,7
214,E07000210,South East,338,Mole Valley,11.2180087,11.963751,14.917614,9.8760692,14.455,1.05568674,17565,428370,445,403,559,11398,8621,7606,7952,9753,8544,117,197,118,10505,2463,626,5936,4671,3569,168,150,135,3.2,2.4,1.4,0,0.2,1.3,0.5,0.4,4.8
215,E07000211,South East,1144,Reigate and Banstead,16.469585,10.3077614,22.816399,10.715803,15.924102,1.11689539,16344,264461,586,602,799,17433,8038,8822,12147,10023,10893,186,163,164,14634,2774,604,9518,4480,4363,269,157,173,9.8,1.1,0.9,0,0.1,0.6,0.5,0.5,6.3
216,E07000212,South East,1128,Runnymede,19.038977,9.2548864,27.151501,10.6889649,15.50773,1.4909435,15549,432435,710,298,552,24414,5841,6532,17058,6843,7957,268,103,119,18335,1360,537,11463,2969,3194,325,99,126,2.9,0.6,2.1,0.1,0.1,0.2,0.3,0.3,4.3
217,E07000213,South East,2213,Spelthorne,18.081148,9.5234919,25.732069,11.212389,16.050293,1.8578777,14177,368608,314,298,542,9304,4615,5399,6494,5674,6750,131,110,105,5821,1895,318,4285,2535,2627,121,89,105,4.5,0.3,0,0,0.1,0.1,0.4,0.4,4.6
218,E07000214,South East,935,Surrey Heath,14.642458,10.9484798,20.073708,10.4242821,14.836023,1.3417798,17024,360609,329,263,579,14067,7651,6281,10014,8947,7573,147,110,119,8299,2313,443,6336,3862,3089,180,127,121,8.3,0.6,0.2,0,0.1,0.2,0.4,0.4,4.6
219,E07000215,South East,353,Tandridge,12.616632,11.6931549,16.974821,9.8523341,14.977486,0.93579076,17555,202756,724,253,621,26839,4611,8843,18775,4962,9728,250,83,137,21193,2020,814,14905,2889,4064,424,88,151,4.1,2.6,3.6,0,0.2,1.6,0.4,0.4,4.5
220,E07000216,South East,364,Waverley,10.0050466,12.664586,13.16778,9.1972507,13.37168,1.08852546,17352,233176,0,468,914,0,13762,12948,0,15299,14255,0,234,200,0,4686,1112,0,7454,6052,0,232,225,4.5,4,0.1,0,0.2,1.5,0.6,0.6,6.6
221,E07000217,South East,1591,Woking,14.090442,11.069624,19.212868,10.740498,15.109212,1.4993624,15899,278823,76,274,527,3037,4109,5205,2119,5184,6445,31,69,99,2552,1000,326,1442,1941,2605,41,70,103,2.2,0.7,0.7,0,0.3,0.2,0.4,0.4,4.8
222,E07000218,West Midlands,228,North Warwickshire,11.128128,5.8977837,14.752129,8.4572013,13.255162,1.1936119,13685,1280174,826,236,564,41566,7588,6167,29183,8026,6351,189,98,89,64924,8766,508,22609,4361,2864,648,128,102,7.3,1.6,4.5,0,0.2,1.4,0.8,0.5,1.6
223,E07000219,West Midlands,1633,Nuneaton and Bedworth,14.862438,4.9190391,20.424363,9.5396963,14.551446,1.5206458,12750,479886,60,338,1843,3873,4425,8615,2728,5984,10771,11,39,100,6841,2766,1265,2087,1916,4246,60,73,170,4.6,0.4,2.5,0,0,0.2,0.6,0.4,2.8
224,E07000220,West Midlands,305,Rugby,13.1716702,4.9845311,17.886829,9.5703945,14.655344,1.2816945,13664,1095365,373,709,1408,15872,12989,8925,11135,13924,9785,65,137,120,31910,10740,567,8887,6226,4097,255,185,152,10.7,1.7,0.6,0,0.2,2.2,0.4,0.3,65.9
225,E07000221,West Midlands,130,Stratford-on-Avon,6.8877213,8.0987178,8.8021139,8.5810362,13.539134,1.05636638,13724,398071,526,959,1096,24054,16614,13475,16876,17514,13340,110,216,168,25557,10686,1298,11277,7964,6260,323,240,219,20.2,13.9,5.5,0.1,0.7,6.3,1.1,0.7,4.2
226,E07000222,West Midlands,504,Warwick,13.902664,6.1577465,18.898402,9.2493587,14.015872,1.13502229,13892,346272,417,1152,2048,18278,20892,10458,12848,22475,11957,93,174,137,18101,10843,587,7920,8805,4829,227,262,184,12.4,3,5.4,0,0.4,1.4,0.4,0.3,2.6
227,E07000223,South East,1523,Adur,11.916134,11.353438,15.951189,9.650927,14.359791,0.97465453,11467,300480,0,298,347,0,5803,2674,0,6689,3343,0,145,59,0,1884,129,0,3880,1423,0,123,57,6.4,0.2,0,0,0,0.2,0.3,0.3,3.6
228,E07000224,South East,723,Arun,9.1268195,12.479758,11.912453,9.166021,14.029478,0.92128035,12689,422092,0,377,957,0,11463,9838,0,12513,11513,0,179,196,0,4747,628,0,7129,4939,0,216,190,7.7,1.8,0.1,0,0.2,1.3,0.8,0.8,8.9
229,E07000225,South East,154,Chichester,11.8730656,11.928113,15.93831,9.9281867,14.529399,1.7313794,13228,893412,0,917,1084,0,16135,16392,0,17128,16599,0,275,260,0,6876,1487,0,10420,7716,0,311,274,18.9,12.9,0.1,0.1,0.6,4.4,1.1,0.9,8.4
230,E07000226,South East,2500,Crawley,16.123662,10.1483448,22.720044,10.941235,15.699439,1.6355569,12080,580286,302,762,595,9269,5965,4587,6629,7705,5735,79,84,104,4510,1669,223,5295,2944,2440,150,104,97,28.3,0.3,0,0,0.2,0.1,0.3,0.4,4.6
231,E07000227,South East,268,Horsham,11.1948858,11.834808,14.895244,10.0447065,14.590763,1.21999365,13789,636031,0,780,721,0,19396,11590,0,20202,11934,0,362,187,0,7578,1056,0,11970,5458,0,354,195,13.1,10,1.1,0.1,0.6,3.5,0.9,0.8,8.3
232,E07000228,South East,448,Mid Sussex,9.3773434,12.189279,12.249627,9.4908444,14.087437,0.93333259,14179,395608,2,772,1020,89,18688,12503,63,19733,13838,1,271,234,47,8763,1046,52,12448,6118,1,364,229,10.4,5.7,0.2,0.1,0.4,2,0.8,0.7,7.5
233,E07000229,South East,3383,Worthing,12.1840395,11.3049713,16.406734,10.2305364,14.545395,1.31290692,12205,486141,0,309,527,0,4105,4005,0,5544,5007,0,76,90,0,1022,188,0,2262,2135,0,84,85,3.2,0.3,2.9,0,0,0.1,0.4,0.4,5
234,E07000234,West Midlands,455,Bromsgrove,14.004028,6.8931782,18.958695,8.8782397,13.596646,1.2961337,15435,287491,358,309,1168,24664,11306,6770,17342,12230,7725,91,113,92,30358,5530,523,13662,6235,3278,391,186,124,4.1,1.8,3.2,0,0.2,1.5,0.4,0.3,2.1
235,E07000235,West Midlands,135,Malvern Hills,5.8241849,8.9067968,7.357882,7.874117,13.010724,0.99067038,13224,283439,178,430,873,9834,6482,8161,6899,6953,8545,48,83,116,16817,3277,876,5202,4079,3998,149,126,144,7,10.6,0.5,0.1,0.4,4.7,1,0.6,2.7
236,E07000236,West Midlands,1567,Redditch,11.852771,7.2636956,15.760239,8.6420658,12.935027,1.2927794,12229,481381,0,140,960,0,4973,4530,0,6492,5591,0,40,58,0,1675,310,0,2037,2184,0,72,87,6.6,0.4,NA,0,0,0.3,0.2,0.1,4.3
237,E07000237,West Midlands,3062,Worcester,11.8226168,7.6828041,15.790446,8.8729082,13.391686,1.4131649,11844,434292,2,372,1032,154,4415,4728,108,5354,5911,1,64,63,198,1379,298,77,2086,2210,2,70,88,4.3,0.3,0.3,0.1,0,0.1,0.2,0.2,2.2
238,E07000238,West Midlands,192,Wychavon,6.6407805,8.7935732,8.4514092,8.0272402,12.733897,0.91286413,12725,1306040,386,594,990,22270,14910,9731,15624,15785,10054,99,202,125,30722,9296,1112,11394,7613,4741,327,230,169,12.9,10,3.4,0.1,0.4,4.3,0.9,0.6,3.3
239,E07000239,West Midlands,517,Wyre Forest,11.1123599,7.847974,14.726346,8.6081771,12.958165,1.4701424,12754,397322,0,397,1000,0,7048,5816,0,8284,6660,0,97,75,0,2715,482,0,3713,2833,0,123,107,7.7,2.4,0.2,0,0.2,1.1,0.6,0.4,3
240,E07000240,East,914,St Albans,15.706825,9.715358,21.638913,10.573935,15.693035,1.06796896,16466,387425,908,665,1109,31046,10840,10440,21733,11821,12315,222,137,233,38771,5839,912,17148,5515,5557,489,166,214,2.5,0.8,0.2,0,0.1,0.6,NA,NA,0
241,E07000241,East,948,Welwyn Hatfield,16.070964,9.7289585,22.225995,10.5723525,15.968388,1.1851045,14318,482960,201,401,1095,12273,5297,9554,8769,6674,11487,146,61,200,7127,2574,817,6221,2779,4999,177,96,195,4.3,0.8,2.4,0,0.2,0.5,NA,NA,0.5
242,E07000242,East,311,East Hertfordshire,9.583104,11.823427,12.539169,9.5925968,15.203947,0.88225427,14805,415064,0,793,1121,0,16245,14019,0,17470,15384,0,222,268,0,6436,1553,0,9610,7520,0,288,278,14.5,4.9,0.1,0,0.4,1.9,NA,NA,0.3
243,E07000243,East,3379,Stevenage,17.170508,9.0286572,24.141038,10.4266729,15.747183,1.184319,12086,1148785,46,416,629,4176,4531,5178,2995,6033,6471,43,50,117,2616,1094,362,2024,2070,2658,57,77,106,4,0.2,0.7,0.1,0,0.1,NA,NA,NA
244,E08000001,North West,2041,Bolton,19.75043,3.1095979,28.408498,8.9289201,13.107297,2.6219181,13345,445952,400,1775,1640,17455,13698,17526,12613,18120,22219,106,146,329,15833,4453,1753,9414,7132,8583,266,263,349,15.8,1,2.1,0.1,0.1,0.5,0.9,0.8,10.7
245,E08000002,North West,1911,Bury,12.5295546,11.1161706,16.87784,10.4314023,16.494102,1.23375928,13882,500533,410,1139,1044,16523,7342,11120,11940,10181,14098,93,66,209,18361,2049,1116,9954,3254,5465,281,127,222,6,0.8,NA,0,0.1,0.4,0.5,0.4,4.8
246,E08000003,North West,4735,Manchester,25.412646,2.0997918,39.087916,8.6891718,13.380661,2.3850158,11810,579541,442,5609,2228,18341,19026,24425,13253,26544,30963,98,197,447,9957,5385,2381,7997,8502,11661,226,335,474,22.2,1.1,2.5,0.3,0.7,0.1,0.8,0.8,10
247,E08000004,North West,1655,Oldham,19.349643,2.8871747,27.689143,8.6732873,12.880071,2.3273569,13258,604518,70,1504,801,5224,9267,8643,3775,12577,10958,27,84,161,3358,3592,856,3012,4993,4190,85,190,170,9.5,1,1.1,0,0.1,0.3,0.5,0.5,7.6
248,E08000005,North West,1391,Rochdale,17.182215,3.2144943,24.111816,8.2323096,12.16436,1.9612978,12866,499402,387,1303,849,17188,8915,9187,12420,12308,11647,75,80,170,27794,3026,907,10484,4536,4443,296,176,181,8.7,1,0.8,0,0.1,0.5,0.6,0.5,5.2
249,E08000006,North West,2617,Salford,22.153442,2.5871599,32.869529,9.0232326,13.418279,2.9287846,12257,650263,400,2454,1102,25901,12887,11808,18716,17895,14970,133,160,221,28276,6603,1178,13931,7180,5770,393,282,234,9.9,0.7,2.2,0.1,0.2,0.1,0.5,0.5,4.8
250,E08000007,North West,2315,Stockport,20.995895,2.7404222,30.488986,8.9898207,13.206551,2.1195825,14696,555537,270,1584,1407,14473,12739,15322,10458,17495,19421,75,102,282,7954,4359,1503,7072,6089,7362,200,236,299,9.3,1.3,2,0,0.1,0.5,0.7,0.7,7.5
251,E08000008,North West,2183,Tameside,18.800725,2.8926334,26.920691,8.6514489,12.529759,2.5721186,12425,632107,155,1181,788,10031,7349,8471,7248,10109,10739,65,83,158,6471,3043,843,5693,4284,4127,161,165,168,9.8,0.6,2.2,0,0.1,0.3,0.6,0.6,6.5
252,E08000009,North West,2229,Trafford,14.219158,3.9327126,19.385825,7.7273553,11.602486,2.0495506,15150,1203578,146,1158,1357,12467,8328,14189,9009,11470,17988,53,77,272,7251,3788,1450,5425,3848,7100,153,150,288,17.5,0.8,0.8,0,0.2,0.2,0.5,0.5,20.3
253,E08000010,North West,1733,Wigan,14.177818,4.1612556,19.350478,7.7990023,11.681756,1.7567929,12011,757333,289,2010,1334,13225,13392,14332,9556,17466,18170,80,180,268,17214,6260,1426,7608,7612,6984,215,276,284,13,1.2,3,0,0.1,0.5,1.6,1.1,7.5
254,E08000011,North West,1729,Knowsley,15.828593,4.3185066,21.869967,8.6083893,13.240367,2.1136199,11303,1281689,252,981,1189,12501,8003,12163,9033,9784,15420,58,61,239,10915,5992,1271,7004,4462,6224,198,154,253,8,0.6,2.1,0,0.1,0.3,0.5,0.5,5.4
255,E08000012,North West,4424,Liverpool,23.095462,3.269976,34.919035,8.4927414,12.620024,3.3753749,11688,751706,18,6079,2572,516,20296,26171,373,28135,33180,3,220,516,234,8740,2749,346,10838,13462,10,424,547,11.2,0.8,3.4,0.1,0.4,0.2,1.4,1.5,17.9
256,E08000013,North West,1320,St. Helens,16.71006,3.963692,23.468744,8.5124498,12.502799,2.4031478,12059,2019041,238,1030,649,12462,10079,6662,9005,12436,8445,58,119,130,14770,5611,693,7004,5180,3395,198,178,138,6.6,0.7,5.5,0,0.2,0.4,0.7,0.6,5.3
257,E08000014,North West,1777,Sefton,11.8386465,4.9504806,15.834673,7.8434879,12.348928,1.5806313,13413,1012361,59,1813,946,3045,12446,9594,2200,16434,12161,12,107,190,2733,5827,1011,1642,6207,4951,46,232,201,5,1.3,3.4,0,0.1,0.4,0.9,0.9,8.8
258,E08000015,North West,2058,Wirral,10.1227486,5.8842725,13.285352,7.24246,11.600578,1.4166555,13101,750977,277,2488,1448,12645,12714,14966,9137,16644,18973,108,217,290,6848,3719,1547,6032,6259,7576,170,232,308,13.8,1.2,0.1,0,0.1,0.8,0.9,0.9,10.6
259,E08000016,Yorkshire and The Humber,745,Barnsley,13.251502,3.6131819,17.927878,7.6343962,11.709394,2.0903276,12946,1413945,285,1544,2432,12117,13707,13304,8756,16284,16867,50,215,298,13700,9411,1742,7686,8604,7936,217,281,322,13,1.8,1.6,0.1,0.2,1.5,3,1.6,4
260,E08000017,Yorkshire and The Humber,547,Doncaster,16.598485,3.7860217,23.213808,8.7798322,13.857812,1.8549493,13093,1047220,507,2062,3525,27170,18428,19467,19633,22735,24677,128,203,432,68097,14096,2525,19253,10726,11501,544,363,467,18.8,2.9,9.6,0,0.4,2.1,2.7,1.5,4.8
261,E08000018,Yorkshire and The Humber,924,Rotherham,19.854006,2.8590254,28.900033,8.3961043,12.706694,3.0590518,13052,1056877,496,1767,2762,19731,14329,14721,14257,18401,18658,80,136,338,32958,7257,1979,12592,7339,9013,356,265,366,12.1,1.6,4.3,0,0.1,0.9,1.5,0.9,3.5
262,E08000019,Yorkshire and The Humber,1583,Sheffield,19.432648,2.7455816,28.123089,7.7724801,11.806542,2.6841189,13663,688117,224,3890,4925,8265,22711,24727,5972,30474,31347,46,270,603,8860,8985,3528,4589,11391,16071,130,432,653,18.8,1.6,2.7,0.1,0.2,1,1.1,0.9,8.7
263,E08000021,North East,2646,Newcastle upon Tyne,20.452407,2.6728198,29.591967,7.1934414,11.245497,1.2888794,13713,636502,93,2789,5977,1938,20013,17385,1400,26139,22030,12,172,244,333,8475,1420,735,10173,7843,21,371,319,11.8,0.6,1.1,0.1,0.1,0.3,0.3,0.3,2.7
264,E08000022,North East,2502,North Tyneside,14.230577,3.4313706,19.371694,6.9449698,11.391079,1.10241486,13355,676429,0,1419,4171,0,16225,12082,0,20736,15312,0,177,170,0,5184,991,0,7850,5472,0,282,222,5.5,0.4,1.3,0,0.1,0.2,0.2,0.2,2.5
265,E08000023,North East,2334,South Tyneside,15.970373,3.4896956,22.29277,7.0344746,11.025825,1.4303696,12402,384056,0,785,2585,20,9651,6779,14,11941,8595,0,120,105,12,4201,614,13,4972,3390,0,171,138,6.7,0.4,0.6,0,0,0.1,0.3,0.2,1.6
266,E08000024,North East,2018,Sunderland,16.356763,3.700932,22.823846,7.0911691,11.162952,1.2374587,13313,653062,23,2512,6375,1118,20161,16450,808,24077,20847,13,145,260,684,9454,1515,671,11132,8371,19,371,340,15.4,0.8,0.2,0,0.1,0.3,0.7,0.5,3.2
267,E08000025,West Midlands,4262,Birmingham,27.679561,3.0217246,43.649408,10.527839,16.073359,2.4661375,14208,579362,536,6889,12194,16565,35898,71794,11970,50128,90995,101,360,910,25535,13350,6584,9251,16403,34240,261,647,1391,36.3,2.1,9.8,0.3,0.3,0.4,1.8,1.9,24.3
268,E08000026,West Midlands,3718,Coventry,21.114116,4.1627607,31.004161,10.6530602,15.817792,1.7950801,12640,661888,53,1207,3905,3180,14358,23118,2298,18764,29291,13,132,291,7135,5826,2109,1729,5924,10967,49,216,445,17.8,0.7,1.9,0.3,0.2,0.2,0.6,0.6,7.1
269,E08000027,West Midlands,3273,Dudley,19.22338,5.423111,27.558347,10.2322432,15.038477,2.5521464,13352,470411,87,1995,3795,4079,13206,17976,2947,18086,22788,25,157,283,4726,6028,2048,2636,7023,10649,74,272,433,13.3,0.8,1,0.2,0.1,0.1,0.9,0.8,8.7
270,E08000028,West Midlands,3826,Sandwell,24.758895,3.8900436,37.76413,10.905681,16.221322,3.304496,13021,677801,330,2161,3626,15356,12885,17054,11096,18124,21621,95,135,270,22307,8774,1956,10052,8168,10173,284,325,413,23,0.6,1.9,0.1,0.1,0.1,0.7,0.6,7.2
271,E08000029,West Midlands,1205,Solihull,17.814183,5.3242862,25.062294,9.2800809,13.825249,1.4140532,14987,840781,607,658,3221,25745,10556,19721,18578,12651,25001,111,96,240,34082,5328,1738,12031,4249,9036,340,142,367,14.7,1.6,3.9,0,0.2,0.8,0.4,0.4,3.9
272,E08000030,West Midlands,2725,Walsall,21.093945,4.6219766,30.838557,10.722569,16.05327,2.7302694,13602,610878,215,1414,2622,9408,10288,12593,6798,13944,15965,53,102,195,18386,8339,1414,5392,6039,7355,152,230,299,11.3,0.6,0.9,0.1,0.1,0.3,0.6,0.6,6
273,E08000031,West Midlands,3773,Wolverhampton,20.571122,4.9985454,30.10562,9.7361492,14.572029,2.5271767,13756,509868,0,2034,3118,0,10238,14619,0,14372,18532,0,108,233,0,5549,1683,0,5429,8755,0,215,356,13.5,0.6,0.8,0,0.1,0.1,0.6,0.5,5.6
274,E08000032,Yorkshire and The Humber,1466,Bradford,20.794409,2.9698339,30.371567,9.4205312,13.762563,2.3007884,15042,703714,36,2723,4679,1636,21873,28156,1182,28396,35695,6,226,573,1190,10214,3351,800,11105,15267,23,406,620,30,2.1,0.5,0,0.2,1.9,1.6,1.5,16.2
275,E08000033,Yorkshire and The Humber,577,Calderdale,8.3228209,4.3205299,10.7718206,6.4700874,9.4122585,1.2222876,14453,469618,234,1837,1602,11354,11739,9939,8204,15545,12601,45,147,196,21520,5321,1147,7368,6649,5227,208,246,212,15.6,1.9,1.4,0,0.1,1.2,1,0.8,8.8
276,E08000034,Yorkshire and The Humber,1074,Kirklees,16.293179,3.2320416,22.94973,8.2412255,11.970874,2.2862251,14503,750367,459,2387,3009,19227,18177,18176,13893,24311,23043,93,207,368,32660,6801,2155,10765,9997,9817,304,374,399,24.5,2.1,3.7,0,0.1,1.9,1.7,1.5,14.4
277,E08000035,Yorkshire and The Humber,1430,Leeds,24.452646,2.594054,37.047005,9.6639742,14.497491,2.2257391,13747,594031,1526,6552,6176,61856,42578,43545,44696,56319,55201,295,450,756,77237,15064,4424,33955,22303,20153,959,833,819,32.8,2.5,5.7,0.1,0.6,2.2,2.3,2.2,28.1
278,E08000036,Yorkshire and The Humber,1019,Wakefield,16.082407,3.5626115,22.390005,7.9978343,12.21901,1.8205961,12919,1578682,587,2129,2400,24279,20665,16302,17543,24987,20660,121,242,294,42198,16469,1718,14713,11986,7830,415,396,318,13.4,1.6,5.2,0,0.2,1.1,3,1.7,6.1
279,E08000037,North East,1423,Gateshead,20.216062,2.7698305,29.198301,7.2501438,11.278341,1.3610186,13732,830054,94,1957,6575,3919,18066,16728,2832,22523,21207,23,170,268,2639,12031,1561,2032,10634,8624,57,370,350,9.5,0.7,1.1,0,0.2,0.3,NA,NA,0.1
280,E09000001,Inner London,2998,City of London,42.994726,0.1288364,79.954992,13.129781,20.461437,2.7707911,11462,872236,0,1776,205,0,2939,1699,0,2245,1214,0,476,88,0,1736,110,0,1636,1094,0,66,45,3.6,0,0,0,0.8,0,0,0,0
281,E09000002,Outer London,5871,Barking and Dagenham,20.979722,9.3737945,30.744644,12.531869,18.390475,2.1052272,11545,397930,0,1460,352,0,9891,3324,0,13194,4145,0,288,159,0,10210,195,0,6128,2085,0,243,85,9.2,0.2,3.1,0,0,0.1,0.1,0.4,4.3
282,E09000003,Outer London,4520,Barnet,16.81193,9.8129364,23.540091,10.71439,15.859147,1.1488882,17070,262872,543,4503,722,6873,23058,7085,4708,28760,8827,191,699,326,4383,11154,400,4510,12550,4274,125,482,175,4.8,0.7,0.3,0,0.1,0.2,0.1,0.3,4.1
283,E09000004,Outer London,4082,Bexley,19.136484,10.1720349,27.37829,11.410897,16.931606,1.5376922,13796,993009,0,2257,562,0,12912,5631,0,16862,7028,0,379,254,0,8054,311,0,8024,3329,0,304,136,8.5,0.5,0.1,0,0.3,0.1,0.1,0.4,7.7
284,E09000005,Outer London,7652,Brent,3.7301544,11.269774,4.6243838,5.4143439,9.3569024,0.48463509,14958,474443,0,2733,723,0,10399,7706,0,12963,9604,0,348,326,0,5868,400,0,5882,4277,0,234,175,7.5,0.4,1.7,0,0.1,0,0.1,0.2,3
285,E09000006,Outer London,2205,Bromley,18.300723,10.1467985,26.018491,11.09293,16.328063,1.3614167,15734,260836,1,2941,1270,25,13126,12287,18,16792,15324,0,294,573,13,3874,704,18,7049,7520,1,262,307,6.6,1.2,2.3,0,0.1,0.4,0.2,0.4,5.1
286,E09000007,Inner London,12035,Camden,33.686621,3.1392321,56.579259,12.794839,19.988272,2.1972239,12225,587587,0,5124,597,0,7629,4707,0,7978,5237,0,759,261,0,3002,322,0,4301,3285,0,175,136,4.7,0.8,0.5,0.4,0.7,0,0,0.1,0.9
287,E09000008,Outer London,4455,Croydon,21.096474,8.6780767,30.847825,11.82689,17.541347,1.4583292,14729,339294,0,3109,1342,0,11310,13177,0,15136,16441,0,374,605,0,5038,743,0,6294,7942,0,249,324,2.9,0.8,0.4,0,0.1,0.2,0.2,0.6,6.7
288,E09000009,Outer London,6157,Ealing,26.895145,6.0121158,41.924142,12.205794,18.375163,1.7191504,14142,474285,0,3458,938,0,17170,9152,0,22604,11408,0,603,423,0,12371,520,0,10017,5553,0,398,227,8.7,0.5,2.7,0,0.1,0.1,0.1,0.4,4.5
289,E09000010,Outer London,4130,Enfield,18.305441,9.4751695,26.050179,11.496758,17.019536,1.4192366,14520,475567,313,2885,634,11372,17470,5986,7930,22420,7456,84,382,286,21636,12460,351,7725,9878,3754,218,387,153,6,0.5,0.1,0,0.2,0.2,0.2,0.5,5.6
290,E09000011,Outer London,6046,Greenwich,27.903548,5.8460493,44.023153,12.464265,18.956348,1.9257719,12341,569801,0,3317,824,0,14668,7956,0,18595,9899,0,693,372,0,8183,457,0,9921,4880,0,394,199,6.1,0.4,0,0,0.2,0,0.1,0.3,4.2
291,E09000012,Inner London,14681,Hackney,30.656378,4.6241956,49.276101,12.985416,20.315177,2.0790186,10756,364906,0,4348,600,0,7273,4493,0,8977,5407,0,515,262,0,3514,323,0,4762,3311,0,194,138,2.2,0.3,0.1,0,0.1,0,0,0.1,1.6
292,E09000013,Inner London,11308,Hammersmith and Fulham,29.784946,4.8468902,47.633169,12.667052,19.379907,1.6886041,11925,540772,0,3734,522,0,9250,3198,0,11291,3892,0,746,228,0,3596,281,0,5705,2879,0,232,120,3,0.3,0.6,0.1,0.2,0,0,0.1,1.6
293,E09000014,Inner London,9143,Haringey,25.028102,7.0287493,37.87643,12.52079,19.019013,1.789125,13219,329477,0,4054,838,0,7080,6204,0,8988,7548,0,332,366,0,3153,451,0,3857,4628,0,157,192,2.3,0.3,0.4,0,0,0,0.1,0.3,3.2
294,E09000015,Outer London,4957,Harrow,19.669961,8.7455337,28.461204,11.327975,16.65269,1.4205107,17112,268444,57,1338,555,829,5908,5776,575,7943,7208,14,81,250,459,1365,307,617,2123,3283,17,84,134,1.9,0.5,0.3,0,0,0.1,0.1,0.3,3.1
295,E09000016,Outer London,2295,Havering,32.251637,3.7965764,53.499317,12.560744,19.543552,2.0674716,14028,315376,222,1809,938,10657,12973,8584,7433,16299,10713,106,333,423,26470,9891,519,7669,7488,5552,217,269,227,5.2,0.6,0.2,0,0.2,0.3,0.2,0.4,4.7
296,E09000017,Outer London,2635,Hillingdon,20.74903,8.4135821,30.132209,11.314748,16.624721,1.5221118,14714,581009,814,3089,1685,16330,16454,17406,11024,21397,21722,233,315,760,8263,8270,933,6833,8009,9977,191,306,407,42,0.8,2.6,0,1,0.4,0.1,0.4,9.9
297,E09000018,Outer London,4837,Hounslow,23.253959,7.5236798,34.904135,11.831465,17.474262,1.8188897,14029,509956,635,3486,887,10278,16064,9103,6256,20535,11358,187,555,400,2729,6410,491,4312,8009,5249,119,318,214,4,0.6,0.2,0,0.5,0.1,0.1,0.3,3.5
298,E09000019,Inner London,16097,Islington,34.868113,2.7934033,59.565794,13.067028,20.557191,2.2795555,10422,522378,0,4138,537,0,5164,4120,0,5830,4579,0,617,235,0,2709,290,0,3500,2944,0,142,122,1.9,0.3,0.2,0,0.3,0,0,0.1,1.1
299,E09000020,Inner London,12884,Kensington and Chelsea,33.317221,3.200762,55.296084,12.859444,20.022293,1.7720521,12752,365459,0,3326,651,0,9773,3899,0,8946,4670,0,767,284,0,3824,350,0,5090,3593,0,207,149,0.7,0.7,0.4,0,0.1,0,0,0.1,0.9
300,E09000021,Outer London,4709,Kingston upon Thames,20.460773,8.7172463,29.806605,11.225347,16.439096,1.4986326,14934,304122,0,1620,710,0,12553,7274,0,16625,9078,0,425,320,0,3409,393,0,6979,4201,0,273,172,2.6,0.3,0.2,0,0.1,0.1,0.1,0.2,2.4
301,E09000022,Inner London,12156,Lambeth,41.973377,0.5308771,77.353844,13.072121,20.230542,2.6030111,11678,520808,0,7640,1140,0,9455,8499,0,11520,9898,0,1140,498,0,4309,613,0,6443,6278,0,262,261,1.1,0.5,0.2,0.1,0.1,0,0.1,0.2,2.9
302,E09000023,Inner London,8636,Lewisham,24.839974,7.3163007,37.444355,12.526352,18.842284,1.7510852,12213,381751,0,4001,1437,0,8422,10525,0,11029,12817,0,470,628,0,3489,773,0,4681,7933,0,190,330,0.9,0.3,0.2,0,0,0,0.1,0.4,4.5
303,E09000024,Outer London,5480,Merton,22.24031,8.1505237,32.915707,12.48175,18.327209,1.7901469,14029,309656,0,1837,645,0,5862,6098,0,7857,7606,0,273,291,0,2613,357,0,3593,3818,0,143,156,2.5,0.4,0.2,0,0,0.1,0.1,0.3,4.2
304,E09000025,Inner London,9723,Newham,28.536619,5.7498656,44.698918,13.634467,20.70404,2.2979122,11842,1003964,0,4112,762,0,19884,5654,0,24703,6885,0,623,333,0,14891,410,0,10690,4209,0,435,175,11.1,0.2,0.2,0,0.3,0,0.1,0.4,4.7
305,E09000026,Outer London,5386,Redbridge,27.840925,6.0515572,43.25958,12.791808,19.532278,1.7986982,15413,276014,210,2462,472,4107,17527,4710,2806,22168,5873,71,366,213,2330,9888,261,3076,9881,2794,85,390,114,2.8,0.4,0.1,0,0,0.1,0.1,0.4,4.5
306,E09000027,Outer London,3430,Richmond upon Thames,20.059426,8.8443021,29.122383,11.13522,16.292118,1.4393322,15392,281525,0,2463,651,0,9049,6805,0,12009,8483,0,439,294,0,2821,361,0,4475,3856,0,178,157,2.2,0.5,0,0,0.2,0.1,0.1,0.3,3.1
307,E09000028,Inner London,10992,Southwark,41.036425,0.8022228,74.84287,13.082914,20.333461,2.4778148,10323,636187,0,6584,1217,0,7976,9106,0,9371,10221,0,933,531,0,3798,654,0,5586,6690,0,227,278,2.6,0.7,0.1,0.2,0.2,0,0.1,0.2,2.3
308,E09000029,Outer London,4665,Sutton,17.291845,10.0274676,24.364964,11.019392,16.077207,1.2874693,14550,368417,0,1068,909,0,4810,8471,0,6467,10571,0,119,410,0,1187,503,0,2305,5380,0,92,220,2.6,0.4,0,0.1,0,0.1,0.1,0.3,3.4
309,E09000030,Inner London,16057,Tower Hamlets,11.5064269,12.694513,15.414923,9.8213163,14.416563,1.05511733,9226,637448,0,3964,1035,0,14880,7726,0,17811,9223,0,1094,452,0,10784,557,0,10192,5713,0,415,237,6,0.4,0.1,0.1,0.6,0,0,0.1,4.6
310,E09000031,Outer London,7130,Waltham Forest,8.5217364,13.932249,11.082102,9.1237504,14.637977,0.70383074,12976,375451,0,2384,380,0,12664,3708,0,15710,4623,0,390,171,0,7642,210,0,7999,2249,0,318,92,3.1,0.3,0.3,0,0.1,0,0.1,0.4,4.9
311,E09000032,Inner London,9528,Wandsworth,25.708448,6.7472139,39.164051,12.287374,18.598633,1.6457144,12802,416770,0,4395,820,0,11468,7046,0,15179,8588,0,1102,358,0,4402,441,0,7238,4524,0,295,188,1.8,0.5,0.3,0,0.2,0,0.1,0.3,3.6
312,E09000033,Inner London,11883,Westminster,41.81171,0.4878654,76.844084,13.078128,20.25779,2.6748916,11125,537187,0,12736,1073,0,18653,6719,0,16435,6539,0,1751,463,0,6488,576,0,9121,5793,0,371,240,13.4,1,0.7,0.2,2.6,0,0,0.1,0.9
,,,,,,,,,,,,,,,,,,,,,,,,,,,,,,,,,,,,,,,,,,
,,,,,,,,,,,,,,,,,,,,,,,,,,,,,,,,,,,,,,,,,,
,,,,,,,,,,,,,,,,,,,,,,,,,,,,,,,,,,,,,,,,,,
,,,,,,,,,,,,,,,,,,,,,,,,,,,,,,,,,,,,,,,,,,
,,,,,,,,,,,,,,,,,,,,,,,,,,,,,,,,,,,,,,,,,,
,,,,,,,,,,,,,,,,,,,,,,,,,,,,,,,,,,,,,,,,,,
,,,,,,,,,,,,,,,,,,,,,,,,,,,,,,,,,,,,,,,,,,
,,,,,,,,,,,,,,,,,,,,,,,,,,,,,,,,,,,,,,,,,,
,,,,,,,,,,,,,,,,,,,,,,,,,,,,,,,,,,,,,,,,,,
,,,,,,,,,,,,,,,,,,,,,,,,,,,,,,,,,,,,,,,,,,
,,,,,,,,,,,,,,,,,,,,,,,,,,,,,,,,,,,,,,,,,,
,,,,,,,,,,,,,,,,,,,,,,,,,,,,,,,,,,,,,,,,,,
,,,,,,,,,,,,,,,,,,,,,,,,,,,,,,,,,,,,,,,,,,
,,,,,,,,,,,,,,,,,,,,,,,,,,,,,,,,,,,,,,,,,,
,,,,,,,,,,,,,,,,,,,,,,,,,,,,,,,,,,,,,,,,,,
,,,,,,,,,,,,,,,,,,,,,,,,,,,,,,,,,,,,,,,,,,
,,,,,,,,,,,,,,,,,,,,,,,,,,,,,,,,,,,,,,,,,,
,,,,,,,,,,,,,,,,,,,,,,,,,,,,,,,,,,,,,,,,,,
,,,,,,,,,,,,,,,,,,,,,,,,,,,,,,,,,,,,,,,,,,
,,,,,,,,,,,,,,,,,,,,,,,,,,,,,,,,,,,,,,,,,,
,,,,,,,,,,,,,,,,,,,,,,,,,,,,,,,,,,,,,,,,,,
,,,,,,,,,,,,,,,,,,,,,,,,,,,,,,,,,,,,,,,,,,