"","ons_code","area","personal.buses.Motorways","personal.buses.A.roads","personal.buses.Minor.roads","personal.diesel.cars.Motorways","personal.diesel.cars.A.roads","personal.diesel.cars.Minor.roads","personal.petrol.cars.Motorway","personal.petrol.cars.A.roads","personal.petrol.cars.Minor.roads","personal.motorcycles.Motorways","personal.motorcycles.A.roads","personal.motorcycles.Minor.roads","freight.HGV.Motorways","freight.HGV.A.roads","freight.HGV.Minor.roads","freight.diesel.LGV.Motorways","freight.diesel.LGV.A.roads","freight.diesel.LGV.Minor.roads","freight.petrol.LGV.Motorways","freight.petrol.LGV.A.roads","freight.petrol.LGV.Minor.roads"
"1","E06000001","Hartlepool",0,545,1627,0,7470,5526,0,8479,6810,0,50,78,0,5470,446,0,4405,2493,0,137,99
"2","E06000002","Middlesbrough",0,909,3776,0,13295,12563,0,16573,15706,0,84,176,0,8967,1018,0,7272,5693,0,248,227
"3","E06000003","Redcar and Cleveland",0,938,2473,0,10349,8236,0,11578,10048,0,114,119,0,5558,678,0,5289,3802,0,166,149
"4","E06000004","Stockton-on-Tees",0,1518,3389,0,20375,11383,0,24160,13982,0,141,162,0,14478,927,0,11586,5197,0,371,205
"5","E06000005","Darlington",89,695,1808,3232,6702,6224,2268,7488,7395,22,68,90,5160,3752,506,1955,3676,2845,56,116,110
"6","E06000006","Halton",120,481,443,5026,9109,6392,3552,11779,7945,23,97,102,6443,9285,538,2837,4772,2666,81,174,106
"7","E06000007","Warrington",742,933,808,33612,12574,12036,24286,15745,15049,198,148,185,47426,5434,980,18373,5666,4860,519,197,194
"8","E06000008","Blackburn with Darwen",63,630,407,3997,5017,5466,2888,6577,6665,27,55,94,3033,1773,492,2297,2308,2446,65,85,96
"9","E06000009","Blackpool",5,834,473,51,4339,6328,53,5983,7912,0,57,108,13,837,573,30,2128,2843,1,82,114
"10","E06000010","Kingston upon Hull, City of",0,1409,2325,0,8193,15397,0,11131,19250,0,175,325,0,9453,1890,0,4797,8719,0,178,348
"11","E06000011","East Riding of Yorkshire",225,1978,3261,11479,30902,25852,8054,32525,26922,86,492,515,27269,28875,2790,9276,19085,13075,266,571,470
"12","E06000012","North East Lincolnshire",0,617,1401,0,10111,9487,0,11879,11328,0,137,201,0,7687,1139,0,6547,5320,0,210,207
"13","E06000013","North Lincolnshire",123,756,1575,9462,11863,11001,6638,12798,11768,51,190,241,31135,18066,1311,8293,8474,6149,238,256,225
"14","E06000014","York",0,1933,1410,0,17514,10099,0,19320,11699,0,255,203,0,8679,1123,0,9005,5319,0,280,204
"15","E06000015","Derby",0,1701,2302,0,14744,21880,0,19595,27356,0,166,291,0,8530,2291,0,7267,8273,0,265,330
"16","E06000016","Leicester",0,1840,2088,0,13369,16961,0,17930,21205,0,144,264,0,5825,2079,0,6916,7506,0,258,300
"17","E06000017","Rutland",0,345,415,0,8969,3073,0,9296,3079,0,115,61,0,15944,451,0,5551,1607,0,165,56
"18","E06000018","Nottingham",6,3314,2454,198,15131,16246,143,20589,20312,1,194,310,335,6551,2443,121,7957,8821,3,300,352
"19","E06000019","Herefordshire, County of",45,1262,2253,1813,19697,13011,1272,21375,13053,6,271,216,3024,20101,1442,921,13902,7617,26,428,268
"20","E06000020","Telford and Wrekin",124,477,2490,3729,11560,14076,2668,13220,16899,30,111,214,3407,7490,1486,1881,5990,7966,53,191,310
"21","E06000021","Stoke-on-Trent",0,1915,1711,0,18043,10361,0,24084,12954,0,192,146,0,12783,1048,0,9493,5519,0,346,220
"22","E06000022","Bath and North East Somerset",0,1646,1201,0,11961,10960,0,13606,12569,0,272,238,0,5431,1086,0,6876,5372,0,224,204
"23","E06000023","Bristol, City of",417,3013,3018,8912,12295,27150,6440,16913,33945,115,358,575,7400,6904,2763,4101,7977,13494,116,309,539
"24","E06000024","North Somerset",759,896,2006,26264,10863,18181,18427,12054,21137,228,203,395,21547,3255,1819,13216,5390,8982,379,170,344
"25","E06000025","South Gloucestershire",1322,1182,2590,50324,15769,23276,35442,19033,27212,495,392,506,53228,8038,2307,23648,8933,11502,676,303,441
"26","E06000026","Plymouth",0,1632,2065,0,11434,17677,0,14987,22100,0,323,393,0,4592,1890,0,5854,9230,0,208,369
"27","E06000027","Torbay",0,937,982,0,5602,8444,0,7072,10557,0,136,187,0,1058,899,0,2943,4391,0,102,175
"28","E06000030","Swindon",535,839,2179,12238,13931,17590,8732,15326,21222,80,181,420,12015,8799,1974,4912,6589,9682,140,203,378
"29","E06000031","Peterborough",1,1071,1889,31,22163,17412,22,25317,20269,0,220,393,62,22251,1724,21,12450,9754,1,390,374
"30","E06000032","Luton",100,618,1140,2816,4618,10580,2034,6074,13228,17,35,227,4718,1357,1043,1556,1934,5817,44,72,232
"31","E06000033","Southend-on-Sea",0,655,877,0,5314,8938,0,7362,11175,0,77,175,0,1694,803,0,2992,4477,0,117,179
"32","E06000034","Thurrock",177,616,1137,7625,17262,10999,6456,18385,13302,126,425,230,16731,24187,1032,5197,13084,5795,146,383,227
"33","E06000035","Medway",145,1015,1180,5818,11980,12148,4168,14823,14402,69,212,243,6449,5240,1055,3853,6535,6676,109,221,259
"34","E06000036","Bracknell Forest",44,196,557,871,7784,6453,629,9470,7865,7,100,113,713,3137,500,342,3596,3135,10,123,123
"35","E06000037","West Berkshire",1460,909,915,40347,20509,11554,28307,22071,12246,273,246,203,36655,18587,855,16300,11721,5384,467,352,196
"36","E06000038","Reading",41,820,410,1247,5906,4598,901,8101,5748,10,96,82,991,2067,369,519,2918,2301,15,112,92
"37","E06000039","Slough",524,420,437,11873,3405,4891,8464,4427,6107,147,49,88,8006,1618,393,5002,1565,2450,142,57,98
"38","E06000040","Windsor and Maidenhead",750,444,795,20291,11933,9438,14278,13643,10973,214,165,165,13300,3350,715,8252,5254,4519,236,168,174
"39","E06000041","Wokingham",534,441,799,18665,8582,9463,13377,9913,11093,162,119,165,12604,2807,714,7415,3930,4513,210,128,174
"40","E06000042","Milton Keynes",569,722,1756,15548,17367,22970,10908,20663,27636,90,155,356,29276,8319,1557,9403,7550,9833,270,246,385
"41","E06000043","Brighton and Hove",0,1751,1463,0,14089,14511,0,16002,18140,0,313,293,0,4523,1317,0,9571,8206,0,301,328
"42","E06000044","Portsmouth",368,1097,997,10545,10198,9472,7620,12709,11843,146,219,200,5238,3103,898,4784,6036,5593,135,209,223
"43","E06000045","Southampton",54,1089,1246,2468,8453,11778,1784,11654,14726,27,171,250,1638,3052,1122,1273,3996,6992,36,155,279
"44","E06000046","Isle of Wight",0,1220,482,0,6981,5091,0,7835,5687,0,269,105,0,1658,446,0,4078,2811,0,129,106
"45","E06000047","County Durham",476,3358,8917,18498,39932,23263,13146,43210,26258,82,390,469,20472,25299,2574,10209,22836,14493,291,692,542
"46","E06000049","Cheshire East",903,1627,1434,41020,34508,21625,28957,39183,24402,162,353,346,65597,22590,1768,22328,16866,8787,638,541,331
"47","E06000050","Cheshire West and Chester",750,2268,1232,28568,36824,18173,20129,40230,20428,183,450,295,33265,23287,1503,15119,17542,7498,433,536,282
"48","E06000051","Shropshire",139,2665,3530,6334,34881,19374,4444,37281,19514,33,492,334,7661,31294,2234,3201,22119,11798,92,679,416
"49","E06000052","Cornwall",0,4274,4663,0,63027,36703,0,66971,37992,0,976,1004,0,33313,4491,0,43070,21929,0,1294,784
"50","E06000053","Isles of Scilly",0,3,1,0,28,7,0,29,7,0,5,0,0,11,2,0,47,7,0,1,0
"51","E06000054","Wiltshire",1007,3331,4193,26601,53751,38146,18663,58471,40061,169,804,891,25878,35410,3950,12153,30397,19504,348,941,703
"52","E06000055","Bedford",0,1081,1091,0,17748,10648,0,19211,11722,0,172,233,0,14420,1007,0,10122,5663,0,307,209
"53","E06000056","Central Bedfordshire",896,972,1877,26227,23840,18622,18401,25588,20197,175,252,407,39338,17778,1749,14197,14768,9850,407,442,362
"54","E06000057","Northumberland",0,3516,4199,0,42890,12239,0,45404,12626,0,527,239,0,31427,1277,0,24248,7176,0,724,256
"55","E07000004","Aylesbury Vale",146,1161,846,4863,18148,14956,3412,20060,15342,31,223,204,4117,9276,1133,2087,9606,5901,60,303,211
"56","E07000005","Chiltern",30,396,524,1768,6727,6546,1234,7588,7399,13,81,112,1769,1491,369,838,3064,2729,24,98,103
"57","E07000006","South Bucks",1341,380,445,42104,6746,5759,29476,7187,6511,417,129,93,33381,2563,362,18457,3646,2384,524,109,90
"58","E07000007","Wycombe",925,900,844,19879,10340,10506,14086,12178,11923,159,133,170,13988,2917,573,9755,4727,4418,278,155,167
"59","E07000008","Cambridge",36,819,898,959,4352,4475,673,5568,5595,10,89,137,1192,1595,248,474,2238,2508,14,80,100
"60","E07000009","East Cambridgeshire",0,668,615,0,14631,7801,0,15073,7720,0,173,170,0,18989,793,0,9506,4418,0,280,154
"61","E07000010","Fenland",0,329,1180,0,5990,9712,0,6419,10711,0,71,240,0,8013,861,0,4257,5463,0,131,202
"62","E07000011","Huntingdonshire",213,795,1459,13149,26513,15720,9225,27873,16180,121,285,350,23160,53758,1827,7764,18574,8814,223,545,314
"63","E07000012","South Cambridgeshire",331,1376,1079,11317,32783,11992,7953,33820,12068,111,459,262,16858,36317,1224,6028,19090,6607,173,557,233
"64","E07000026","Allerdale",0,1268,467,0,10054,6381,0,10901,6247,0,128,116,0,7302,999,0,6689,3201,0,209,111
"65","E07000027","Barrow-in-Furness",0,120,155,0,2043,1352,0,2396,1645,0,38,30,0,981,100,0,1102,744,0,36,29
"66","E07000028","Carlisle",333,866,449,7982,7034,5017,6353,7991,5210,57,102,110,20929,7191,452,5878,4582,2647,167,148,95
"67","E07000029","Copeland",0,534,242,0,4463,2709,0,4985,2766,0,101,60,0,1641,228,0,2357,1434,0,74,51
"68","E07000030","Eden",972,741,353,19892,10469,5558,13992,10987,5388,105,166,124,44889,16306,526,13808,6305,2837,395,191,98
"69","E07000031","South Lakeland",593,1484,503,11621,16725,6721,8153,17678,6664,107,313,145,18571,8261,595,7604,10191,3472,218,307,121
"70","E07000032","Amber Valley",0,617,1060,0,11775,7915,0,12611,9015,0,163,129,0,9464,882,0,7210,3135,0,215,118
"71","E07000033","Bolsover",408,249,509,18079,4890,4668,12715,5305,5186,61,58,74,28951,4567,555,10977,3239,1954,314,98,72
"72","E07000034","Chesterfield",48,309,1042,2137,4737,5844,1499,6135,7307,7,47,111,3856,2049,570,1491,2374,2127,43,86,85
"73","E07000035","Derbyshire Dales",0,676,551,0,10569,10067,0,11152,9889,0,163,115,0,12082,1384,0,6460,4726,0,193,164
"74","E07000036","Erewash",200,558,971,7943,7327,5832,5740,8137,7130,33,94,109,12490,3346,561,4397,4038,2194,124,125,86
"75","E07000037","High Peak",0,540,665,0,7225,6247,0,7925,6796,0,139,88,0,6594,724,0,4477,2647,0,140,96
"76","E07000038","North East Derbyshire",144,562,955,5794,7280,8171,4065,8045,9162,26,111,133,9156,2995,952,3765,3695,3311,108,116,123
"77","E07000039","South Derbyshire",0,563,630,0,19876,6260,0,20678,6619,0,178,90,0,22092,718,0,12186,2681,0,351,96
"78","E07000040","East Devon",217,921,1028,7189,15785,9308,5059,16432,9635,47,242,219,4235,7598,998,4250,9621,4918,122,284,176
"79","E07000041","Exeter",55,437,936,2651,3544,3755,1895,4428,4694,22,84,161,1810,1306,245,1479,1997,1999,42,69,80
"80","E07000042","Mid Devon",327,546,595,11759,8000,6330,8250,8429,6259,49,117,144,9020,5266,792,6080,5666,3564,174,168,124
"81","E07000043","North Devon",0,1020,873,0,9583,8637,0,10320,8706,0,143,208,0,5139,994,0,6003,4702,0,187,166
"82","E07000044","South Hams",0,1218,588,0,16437,6377,0,16835,6241,0,309,136,0,8384,742,0,11360,3456,0,330,120
"83","E07000045","Teignbridge",35,1373,1038,2051,28862,7548,1482,30058,8047,19,397,210,1445,15572,778,1228,19255,4145,35,558,151
"84","E07000046","Torridge",0,537,678,0,4927,6457,0,5219,6536,0,67,147,0,2883,756,0,3664,3463,0,112,122
"85","E07000047","West Devon",0,789,524,0,11900,6021,0,12201,5876,0,156,127,0,8321,724,0,6914,3216,0,200,111
"86","E07000061","Eastbourne",0,442,596,0,3611,4197,0,4746,5248,0,49,107,0,535,219,0,1739,2360,0,64,94
"87","E07000062","Hastings",0,476,510,0,2317,4057,0,3170,5072,0,52,101,0,470,219,0,1202,2229,0,46,89
"88","E07000063","Lewes",0,824,694,0,10095,6875,0,11197,7667,0,188,143,0,4126,492,0,7269,3631,0,227,136
"89","E07000064","Rother",0,566,747,0,8111,9698,0,8870,9992,0,160,168,0,3391,926,0,5126,4953,0,161,177
"90","E07000065","Wealden",0,980,1336,0,18043,17984,0,19189,18701,0,330,322,0,7266,1678,0,12586,9230,0,380,332
"91","E07000066","Basildon",0,603,1676,0,17166,11920,0,19651,14903,0,267,303,0,8650,901,0,10990,6439,0,347,257
"92","E07000067","Braintree",0,549,1363,0,16654,15418,0,17094,16671,0,224,320,0,14077,1638,0,11922,8487,0,342,311
"93","E07000068","Brentwood",50,418,620,4080,12580,5466,2846,13446,6346,38,170,125,9313,10219,457,2774,9143,3046,78,267,116
"94","E07000069","Castle Point",0,267,926,0,4176,5988,0,4915,7487,0,69,155,0,1292,374,0,2718,3182,0,88,127
"95","E07000070","Chelmsford",0,1031,1694,0,24540,14130,0,26636,16070,0,298,320,0,17449,1141,0,15453,7470,0,466,281
"96","E07000071","Colchester",0,730,1561,0,19050,14953,0,20681,16970,0,232,325,0,15667,1415,0,12795,8073,0,379,304
"97","E07000072","Epping Forest",1432,459,1186,37994,6526,11650,26464,7082,13252,449,99,259,52137,2694,1012,26141,4190,6345,744,132,240
"98","E07000073","Harlow",71,273,728,1297,3307,4784,910,4489,5982,15,43,126,1387,1708,308,781,1929,2590,22,74,103
"99","E07000074","Maldon",0,44,556,0,960,7710,0,1014,7833,0,13,140,0,562,980,0,526,4340,0,16,154
"100","E07000075","Rochford",0,189,831,0,3499,6930,0,4291,8246,0,55,154,0,1598,531,0,2392,3698,0,81,143
"101","E07000076","Tendring",0,367,1539,0,8263,15157,0,8642,16974,0,125,337,0,6026,1487,0,5475,7941,0,161,297
"102","E07000077","Uttlesford",800,468,801,20861,10152,14418,14636,10292,14169,204,113,270,29044,6341,2056,12781,7067,7862,366,200,273
"103","E07000078","Cheltenham",0,575,847,0,4057,4545,0,5369,5683,0,56,148,0,986,277,0,1845,2284,0,69,91
"104","E07000079","Cotswold",0,1010,611,0,18634,9667,0,19692,9436,0,267,148,0,12627,1180,0,10671,4914,0,321,170
"105","E07000080","Forest of Dean",59,439,675,3026,5257,8636,2123,5539,8810,35,131,163,4800,3591,1150,1589,3304,4407,46,100,156
"106","E07000081","Gloucester",0,385,877,5,6029,4931,4,7802,6165,0,113,155,5,2236,318,3,3222,2463,0,116,98
"107","E07000082","Stroud",323,452,1126,21665,6205,9404,15200,7316,10401,118,132,229,22991,2794,827,10852,3576,4677,311,119,174
"108","E07000083","Tewkesbury",283,639,810,17573,10776,7279,12369,11259,7948,104,196,168,21371,5490,767,9082,5585,3620,260,165,134
"109","E07000084","Basingstoke and Deane",488,904,1209,18268,20828,14016,12823,23260,15107,124,243,254,10698,18219,1156,8094,10835,7121,232,336,262
"110","E07000085","East Hampshire",40,688,974,1655,19857,13041,1180,20341,13805,20,356,226,643,9146,1155,873,14142,6699,25,404,244
"111","E07000086","Eastleigh",466,192,854,18703,3248,7366,13338,4214,9083,192,63,161,12005,1053,546,9483,1804,3978,270,64,158
"112","E07000087","Fareham",247,320,766,11766,4917,6165,8370,6191,7520,177,146,139,6092,1401,341,6198,2760,3384,176,93,134
"113","E07000088","Gosport",0,111,576,0,1126,5312,0,1560,6641,0,42,127,0,331,269,0,679,2619,0,26,105
"114","E07000089","Hart",512,130,624,12467,5640,7983,8746,6112,8756,111,83,144,6658,1863,772,5213,2939,4029,149,90,150
"115","E07000090","Havant",88,372,870,4137,6643,6311,2989,7910,7891,48,116,141,1449,2852,450,2002,3974,3442,57,129,137
"116","E07000091","New Forest",111,1143,1657,5580,22808,20963,3915,24467,22515,58,338,366,2517,10959,1757,3010,13338,10549,86,398,388
"117","E07000092","Rushmoor",70,254,601,2944,6049,4605,2127,8232,5757,26,92,109,1849,1937,258,1276,3099,2576,36,118,103
"118","E07000093","Test Valley",339,944,890,14901,19601,11928,10481,20475,12510,144,253,203,11134,12250,1052,8138,10955,6016,233,319,218
"119","E07000094","Winchester",627,632,946,20703,13958,14293,14581,14332,14498,169,246,267,15482,10918,1307,10052,8097,6894,288,234,245
"120","E07000095","Broxbourne",0,270,715,0,5822,6134,0,6837,7652,0,87,143,0,4227,488,0,3696,3241,0,121,129
"121","E07000096","Dacorum",165,577,1079,5286,12209,10371,3707,13641,12160,36,171,226,6228,5101,920,2781,7058,5557,80,218,213
"122","E07000098","Hertsmere",722,594,732,19964,7463,6834,14072,7789,8183,201,133,142,25974,1969,938,12649,4004,3639,358,120,142
"123","E07000099","North Hertfordshire",116,493,1086,8655,10791,12064,6116,11806,13551,98,136,243,4622,4525,1208,4041,5432,6450,115,167,242
"124","E07000102","Three Rivers",502,272,780,21949,4341,6581,15310,5120,8110,156,57,151,20329,1143,521,11570,2202,3546,327,75,140
"125","E07000103","Watford",65,542,507,1118,5121,3916,780,6572,4896,15,67,94,596,1108,278,664,2358,2093,19,89,84
"126","E07000105","Ashford",424,667,662,9394,10723,8194,6630,12116,8511,128,155,149,17552,4429,768,5883,6144,4255,168,197,153
"127","E07000106","Canterbury",0,1512,883,0,14218,7580,0,15688,8854,0,210,163,0,8885,583,0,8658,4198,0,265,162
"128","E07000107","Dartford",247,1078,459,8227,17541,4007,8560,18358,4775,135,431,93,19385,13533,275,5631,12561,2252,180,373,88
"129","E07000108","Dover",0,1072,573,0,9091,6286,0,9988,6766,0,150,122,0,7877,549,0,4947,3368,0,152,124
"130","E07000109","Gravesham",40,635,413,1621,11844,3581,1137,12445,4155,26,263,83,1587,9381,255,1119,7746,2021,32,225,78
"131","E07000110","Maidstone",479,851,764,16438,11789,8629,11579,13306,9387,202,172,168,23777,6267,776,10389,7736,4777,297,239,177
"132","E07000111","Sevenoaks",822,395,626,31020,9504,8076,21674,10223,8563,365,196,159,36508,3802,749,20698,6045,4296,587,180,157
"133","E07000112","Folkestone and Hythe",330,902,535,5822,6738,6682,4107,7764,7104,78,105,126,8734,3020,637,3139,3858,3532,90,126,129
"134","E07000113","Swale",372,483,751,12414,11519,7821,8710,12352,8620,115,137,163,10979,9877,648,8607,7806,4214,247,234,157
"135","E07000114","Thanet",0,614,638,0,7156,5402,0,8268,6561,0,120,129,0,2444,367,0,4419,3058,0,140,120
"136","E07000115","Tonbridge and Malling",633,714,639,19905,14199,6547,14066,15243,7403,293,225,129,24767,6417,580,12509,8224,3526,357,245,133
"137","E07000116","Tunbridge Wells",0,686,532,0,9791,6513,0,10852,7054,0,147,123,0,4294,618,0,5944,3551,0,187,131
"138","E07000117","Burnley",74,542,303,3601,4963,4538,2582,6119,5479,17,44,83,1740,1726,356,1839,2694,2070,52,93,81
"139","E07000118","Chorley",505,585,487,23061,4942,6254,16444,5861,7165,125,60,118,21855,1330,573,12783,2320,2887,364,78,110
"140","E07000119","Fylde",173,424,416,6124,5900,5469,4297,6729,6276,33,73,101,2448,1923,489,3500,2581,2490,100,83,95
"141","E07000120","Hyndburn",149,401,395,5429,3910,4557,3923,4556,5698,23,40,85,3607,2105,389,2742,2157,2127,77,68,85
"142","E07000121","Lancaster",655,855,562,15305,6861,9023,10738,8063,10062,145,171,169,18860,3532,887,9744,3693,4210,279,124,157
"143","E07000122","Pendle",69,405,420,3148,3714,5662,2275,4519,6654,15,42,101,1118,1421,468,1469,2103,2617,41,73,101
"144","E07000123","Preston",500,736,796,17073,5436,8239,12063,6921,9787,96,70,137,15122,1423,739,9377,2484,3753,268,89,145
"145","E07000124","Ribble Valley",0,316,306,0,5025,6163,0,5337,6220,0,68,114,0,3576,593,0,2567,2758,0,79,97
"146","E07000125","Rossendale",12,514,386,346,6547,5045,244,7393,5950,3,67,89,212,3630,447,220,4316,2427,6,132,93
"147","E07000126","South Ribble",224,429,763,11932,7215,7380,8491,8709,9049,81,93,128,10462,2906,636,6625,3475,3412,189,117,135
"148","E07000127","West Lancashire",115,551,472,6078,8449,7756,4306,9270,8674,25,149,136,5817,3319,906,3653,3973,3509,104,123,131
"149","E07000128","Wyre",318,462,564,8079,4926,7124,5668,5767,8069,67,78,131,9456,1795,643,4380,2524,3217,126,83,121
"150","E07000129","Blaby",454,357,1112,19088,5115,7496,13537,6117,9050,89,62,138,27047,2828,1144,11737,2646,3464,335,88,135
"151","E07000130","Charnwood",105,865,1689,4451,15824,8836,3122,17047,10364,23,151,189,6537,10682,1033,2819,9374,4156,81,281,159
"152","E07000131","Harborough",376,324,652,12506,7857,7806,8774,8268,7824,68,90,115,24419,7405,1131,7254,4460,4286,208,134,150
"153","E07000132","Hinckley and Bosworth",180,335,1062,9120,7052,7381,6423,7559,8217,38,110,144,13390,6104,988,5738,4522,3685,164,134,136
"154","E07000133","Melton",0,321,536,0,3705,5322,0,4287,5499,0,48,83,0,3721,926,0,2760,2894,0,89,103
"155","E07000134","North West Leicestershire",356,462,831,14295,16027,6671,10029,16415,7154,75,147,120,21265,24137,910,9104,11045,3385,261,318,123
"156","E07000135","Oadby and Wigston",0,111,613,0,1172,2654,0,1575,3319,0,10,69,0,320,291,0,475,1155,0,18,46
"157","E07000136","Boston",0,398,654,0,5625,3417,0,6271,3588,0,68,77,0,8225,606,0,3554,2062,0,113,74
"158","E07000137","East Lindsey",0,1474,1656,0,14298,10571,0,15281,10720,0,241,237,0,9327,1899,0,9379,6882,0,289,242
"159","E07000138","Lincoln",0,281,902,0,3176,2322,0,3957,2904,0,70,85,0,2146,284,0,1762,1200,0,61,48
"160","E07000139","North Kesteven",0,535,948,0,12824,6680,0,13449,6691,0,159,150,0,15758,1169,0,8478,4229,0,253,148
"161","E07000140","South Holland",0,478,888,0,7685,5989,0,8151,6132,0,78,134,0,12988,1227,0,4995,3877,0,153,137
"162","E07000141","South Kesteven",0,751,1286,0,18483,6153,0,19398,6497,0,215,164,0,34125,973,0,12503,3828,0,366,137
"163","E07000142","West Lindsey",0,680,797,0,12647,6476,0,13396,6339,0,269,153,0,11479,1187,0,7317,4225,0,224,146
"164","E07000143","Breckland",0,1065,1448,0,18303,15650,0,19007,15782,0,243,359,0,19643,1874,0,13907,8935,0,409,315
"165","E07000144","Broadland",0,1061,1178,0,11312,10581,0,12265,11089,0,166,249,0,4900,1178,0,6532,5972,0,201,215
"166","E07000145","Great Yarmouth",0,544,846,0,6110,5344,0,7035,6149,0,96,151,0,2152,367,0,3276,3047,0,105,116
"167","E07000146","King's Lynn and West Norfolk",0,1439,1641,0,17013,17172,0,18285,17339,0,219,403,0,17777,1679,0,10742,9867,0,329,348
"168","E07000147","North Norfolk",0,770,959,0,8085,12505,0,8480,12145,0,112,277,0,3730,1188,0,4680,7226,0,143,249
"169","E07000148","Norwich",0,976,1165,0,5561,5422,0,7595,6778,0,120,180,0,2033,272,0,3173,3002,0,122,120
"170","E07000149","South Norfolk",0,1272,1376,0,23616,14988,0,24257,15073,0,340,329,0,16171,1756,0,14839,8455,0,434,297
"171","E07000150","Corby",0,209,817,0,3737,3828,0,4452,4620,0,37,91,0,3373,476,0,2051,1781,0,67,69
"172","E07000151","Daventry",567,469,751,17002,15089,8099,11929,15832,8250,65,129,126,36014,25019,1293,9732,9996,4562,279,296,161
"173","E07000152","East Northamptonshire",0,378,650,0,12166,6409,0,12807,6620,0,126,106,0,19873,1015,0,8166,3562,0,243,126
"174","E07000153","Kettering",0,634,969,0,16987,5786,0,18083,6708,0,133,121,0,24247,814,0,10836,2936,0,317,111
"175","E07000154","Northampton",0,1337,2413,10,18416,10203,7,22628,12757,0,155,256,19,11756,1233,6,8589,4600,0,291,184
"176","E07000155","South Northamptonshire",735,727,526,20749,17713,7662,14557,18139,7508,145,196,105,37825,17867,1250,12432,10417,4409,356,302,152
"177","E07000156","Wellingborough",0,376,673,0,10948,4305,0,11680,4839,0,106,93,0,7852,617,0,6082,2165,0,183,81
"178","E07000163","Craven",0,518,604,0,8042,4657,0,8597,4604,0,151,113,0,5474,443,0,4018,2733,0,124,95
"179","E07000164","Hambleton",120,1072,936,5216,18117,7415,3660,18738,7219,24,208,179,11775,26440,857,3481,13040,4210,100,380,146
"180","E07000165","Harrogate",571,1237,1576,20634,13862,11078,14477,15364,11372,118,148,221,35808,8607,1812,12229,7056,6246,351,225,223
"181","E07000166","Richmondshire",101,757,698,3412,9415,5602,2394,9655,5545,14,129,131,5123,14578,525,1708,6189,3110,49,179,109
"182","E07000167","Ryedale",0,820,942,0,9629,7632,0,9951,7413,0,206,185,0,7092,1294,0,6081,4339,0,180,150
"183","E07000168","Scarborough",0,1259,1024,0,8481,5987,0,9539,6264,0,217,132,0,3481,481,0,4685,3458,0,153,125
"184","E07000169","Selby",177,909,575,7580,14417,4128,5318,14962,4103,47,187,95,16727,10695,295,5015,8344,2303,144,244,81
"185","E07000170","Ashfield",155,216,1330,6474,5718,7635,4542,6700,9453,23,61,157,9590,3229,998,4146,3097,3444,119,102,137
"186","E07000171","Bassetlaw",17,656,994,1720,16454,9376,1207,17292,10090,13,183,154,4584,27068,1369,1287,11273,4969,37,330,180
"187","E07000172","Broxtowe",349,495,1043,12183,6780,5498,8588,8258,6646,56,105,126,18961,3223,659,7578,3840,2387,217,128,93
"188","E07000173","Gedling",0,354,851,0,4637,5126,0,5347,5932,0,53,105,0,1651,646,0,2233,2402,0,73,91
"189","E07000174","Mansfield",0,546,933,0,5444,4754,0,6895,5810,0,59,104,0,1952,563,0,2583,2131,0,91,84
"190","E07000175","Newark and Sherwood",0,812,871,0,22178,9630,0,22879,10086,0,239,136,0,32453,1471,0,15470,5047,0,451,181
"191","E07000176","Rushcliffe",0,1004,599,0,17946,5816,0,19188,6099,0,171,86,0,15881,822,0,10027,3062,0,303,109
"192","E07000177","Cherwell",696,934,847,27300,19025,9826,19268,20583,10297,202,233,181,34013,17036,856,13354,10279,5015,382,313,182
"193","E07000178","Oxford",0,1751,716,0,6765,5339,0,8325,6674,0,127,136,0,3701,444,0,3477,2746,0,119,110
"194","E07000179","South Oxfordshire",884,796,811,17400,11920,10515,12207,12583,10820,136,200,191,14717,5670,891,7362,6827,5376,211,208,192
"195","E07000180","Vale of White Horse",0,1183,791,0,25814,8836,0,26888,9305,0,325,173,0,26073,576,0,15020,4517,0,437,164
"196","E07000181","West Oxfordshire",0,576,666,0,10374,9755,0,10931,9793,0,177,172,0,5535,817,0,5703,4880,0,174,172
"197","E07000187","Mendip",0,647,1258,0,10864,11295,0,11612,11805,0,170,275,0,9223,1233,0,7228,5994,0,224,215
"198","E07000188","Sedgemoor",974,719,1199,24584,9242,9270,17248,10148,9888,152,169,245,22106,6013,898,11973,5699,4908,343,180,178
"199","E07000189","South Somerset",0,940,1338,0,22079,13219,0,23334,13440,0,270,293,0,15834,1540,0,14134,7107,0,421,251
"200","E07000192","Cannock Chase",54,270,831,2006,4590,3710,1409,5431,4491,9,52,52,1234,3157,252,685,2752,1914,20,89,75
"201","E07000193","East Staffordshire",0,591,1022,0,12219,7093,0,13902,7747,0,142,102,0,17048,1023,0,7289,3546,0,227,131
"202","E07000194","Lichfield",211,707,788,7616,19667,4934,5362,20838,5482,30,209,68,3772,19441,421,2416,11526,2547,69,342,95
"203","E07000195","Newcastle-under-Lyme",333,662,1071,11793,11661,6134,8522,13552,7399,69,112,87,25810,9770,503,3601,7097,3109,102,224,121
"204","E07000196","South Staffordshire",702,469,846,24599,10008,6237,18239,10558,6795,134,135,84,42934,6736,614,14373,5810,3138,411,175,116
"205","E07000197","Stafford",602,860,1186,24020,12549,8013,16854,14310,8807,100,146,114,44673,7841,717,11728,6620,4122,336,208,153
"206","E07000198","Staffordshire Moorlands",0,707,885,0,8111,6953,0,8902,7416,0,101,94,0,7971,661,0,4967,3601,0,152,131
"207","E07000199","Tamworth",0,198,706,0,3573,2925,0,4216,3657,0,42,44,0,2364,188,0,1661,1499,0,54,60
"208","E07000200","Babergh",0,651,659,0,14452,6740,0,15125,6748,0,174,164,0,17002,858,0,10109,4343,0,297,152
"209","E07000202","Ipswich",0,687,852,0,6526,3610,0,8110,4513,0,107,132,0,4722,237,0,3316,2382,0,111,95
"210","E07000203","Mid Suffolk",0,434,796,0,14032,8730,0,14361,8611,0,170,218,0,24287,1133,0,10507,5916,0,302,206
"211","E07000207","Elmbridge",191,547,912,6926,15002,8506,4831,16737,10635,62,337,162,6269,3680,572,3569,8391,4230,101,265,169
"212","E07000208","Epsom and Ewell",0,213,431,0,2650,4679,0,3517,5850,0,66,104,0,614,270,0,1410,2195,0,55,88
"213","E07000209","Guildford",102,1289,759,4088,30040,9960,2852,32567,11141,42,574,160,3441,9731,811,1945,16855,4716,55,510,177
"214","E07000210","Mole Valley",445,403,559,11398,8621,7606,7952,9753,8544,117,197,118,10505,2463,626,5936,4671,3569,168,150,135
"215","E07000211","Reigate and Banstead",586,602,799,17433,8038,8822,12147,10023,10893,186,163,164,14634,2774,604,9518,4480,4363,269,157,173
"216","E07000212","Runnymede",710,298,552,24414,5841,6532,17058,6843,7957,268,103,119,18335,1360,537,11463,2969,3194,325,99,126
"217","E07000213","Spelthorne",314,298,542,9304,4615,5399,6494,5674,6750,131,110,105,5821,1895,318,4285,2535,2627,121,89,105
"218","E07000214","Surrey Heath",329,263,579,14067,7651,6281,10014,8947,7573,147,110,119,8299,2313,443,6336,3862,3089,180,127,121
"219","E07000215","Tandridge",724,253,621,26839,4611,8843,18775,4962,9728,250,83,137,21193,2020,814,14905,2889,4064,424,88,151
"220","E07000216","Waverley",0,468,914,0,13762,12948,0,15299,14255,0,234,200,0,4686,1112,0,7454,6052,0,232,225
"221","E07000217","Woking",76,274,527,3037,4109,5205,2119,5184,6445,31,69,99,2552,1000,326,1442,1941,2605,41,70,103
"222","E07000218","North Warwickshire",826,236,564,41566,7588,6167,29183,8026,6351,189,98,89,64924,8766,508,22609,4361,2864,648,128,102
"223","E07000219","Nuneaton and Bedworth",60,338,1843,3873,4425,8615,2728,5984,10771,11,39,100,6841,2766,1265,2087,1916,4246,60,73,170
"224","E07000220","Rugby",373,709,1408,15872,12989,8925,11135,13924,9785,65,137,120,31910,10740,567,8887,6226,4097,255,185,152
"225","E07000221","Stratford-on-Avon",526,959,1096,24054,16614,13475,16876,17514,13340,110,216,168,25557,10686,1298,11277,7964,6260,323,240,219
"226","E07000222","Warwick",417,1152,2048,18278,20892,10458,12848,22475,11957,93,174,137,18101,10843,587,7920,8805,4829,227,262,184
"227","E07000223","Adur",0,298,347,0,5803,2674,0,6689,3343,0,145,59,0,1884,129,0,3880,1423,0,123,57
"228","E07000224","Arun",0,377,957,0,11463,9838,0,12513,11513,0,179,196,0,4747,628,0,7129,4939,0,216,190
"229","E07000225","Chichester",0,917,1084,0,16135,16392,0,17128,16599,0,275,260,0,6876,1487,0,10420,7716,0,311,274
"230","E07000226","Crawley",302,762,595,9269,5965,4587,6629,7705,5735,79,84,104,4510,1669,223,5295,2944,2440,150,104,97
"231","E07000227","Horsham",0,780,721,0,19396,11590,0,20202,11934,0,362,187,0,7578,1056,0,11970,5458,0,354,195
"232","E07000228","Mid Sussex",2,772,1020,89,18688,12503,63,19733,13838,1,271,234,47,8763,1046,52,12448,6118,1,364,229
"233","E07000229","Worthing",0,309,527,0,4105,4005,0,5544,5007,0,76,90,0,1022,188,0,2262,2135,0,84,85
"234","E07000234","Bromsgrove",358,309,1168,24664,11306,6770,17342,12230,7725,91,113,92,30358,5530,523,13662,6235,3278,391,186,124
"235","E07000235","Malvern Hills",178,430,873,9834,6482,8161,6899,6953,8545,48,83,116,16817,3277,876,5202,4079,3998,149,126,144
"236","E07000236","Redditch",0,140,960,0,4973,4530,0,6492,5591,0,40,58,0,1675,310,0,2037,2184,0,72,87
"237","E07000237","Worcester",2,372,1032,154,4415,4728,108,5354,5911,1,64,63,198,1379,298,77,2086,2210,2,70,88
"238","E07000238","Wychavon",386,594,990,22270,14910,9731,15624,15785,10054,99,202,125,30722,9296,1112,11394,7613,4741,327,230,169
"239","E07000239","Wyre Forest",0,397,1000,0,7048,5816,0,8284,6660,0,97,75,0,2715,482,0,3713,2833,0,123,107
"240","E07000240","St Albans",908,665,1109,31046,10840,10440,21733,11821,12315,222,137,233,38771,5839,912,17148,5515,5557,489,166,214
"241","E07000241","Welwyn Hatfield",201,401,1095,12273,5297,9554,8769,6674,11487,146,61,200,7127,2574,817,6221,2779,4999,177,96,195
"242","E07000242","East Hertfordshire",0,793,1121,0,16245,14019,0,17470,15384,0,222,268,0,6436,1553,0,9610,7520,0,288,278
"243","E07000243","Stevenage",46,416,629,4176,4531,5178,2995,6033,6471,43,50,117,2616,1094,362,2024,2070,2658,57,77,106
"244","E08000001","Bolton",400,1775,1640,17455,13698,17526,12613,18120,22219,106,146,329,15833,4453,1753,9414,7132,8583,266,263,349
"245","E08000002","Bury",410,1139,1044,16523,7342,11120,11940,10181,14098,93,66,209,18361,2049,1116,9954,3254,5465,281,127,222
"246","E08000003","Manchester",442,5609,2228,18341,19026,24425,13253,26544,30963,98,197,447,9957,5385,2381,7997,8502,11661,226,335,474
"247","E08000004","Oldham",70,1504,801,5224,9267,8643,3775,12577,10958,27,84,161,3358,3592,856,3012,4993,4190,85,190,170
"248","E08000005","Rochdale",387,1303,849,17188,8915,9187,12420,12308,11647,75,80,170,27794,3026,907,10484,4536,4443,296,176,181
"249","E08000006","Salford",400,2454,1102,25901,12887,11808,18716,17895,14970,133,160,221,28276,6603,1178,13931,7180,5770,393,282,234
"250","E08000007","Stockport",270,1584,1407,14473,12739,15322,10458,17495,19421,75,102,282,7954,4359,1503,7072,6089,7362,200,236,299
"251","E08000008","Tameside",155,1181,788,10031,7349,8471,7248,10109,10739,65,83,158,6471,3043,843,5693,4284,4127,161,165,168
"252","E08000009","Trafford",146,1158,1357,12467,8328,14189,9009,11470,17988,53,77,272,7251,3788,1450,5425,3848,7100,153,150,288
"253","E08000010","Wigan",289,2010,1334,13225,13392,14332,9556,17466,18170,80,180,268,17214,6260,1426,7608,7612,6984,215,276,284
"254","E08000011","Knowsley",252,981,1189,12501,8003,12163,9033,9784,15420,58,61,239,10915,5992,1271,7004,4462,6224,198,154,253
"255","E08000012","Liverpool",18,6079,2572,516,20296,26171,373,28135,33180,3,220,516,234,8740,2749,346,10838,13462,10,424,547
"256","E08000013","St. Helens",238,1030,649,12462,10079,6662,9005,12436,8445,58,119,130,14770,5611,693,7004,5180,3395,198,178,138
"257","E08000014","Sefton",59,1813,946,3045,12446,9594,2200,16434,12161,12,107,190,2733,5827,1011,1642,6207,4951,46,232,201
"258","E08000015","Wirral",277,2488,1448,12645,12714,14966,9137,16644,18973,108,217,290,6848,3719,1547,6032,6259,7576,170,232,308
"259","E08000016","Barnsley",285,1544,2432,12117,13707,13304,8756,16284,16867,50,215,298,13700,9411,1742,7686,8604,7936,217,281,322
"260","E08000017","Doncaster",507,2062,3525,27170,18428,19467,19633,22735,24677,128,203,432,68097,14096,2525,19253,10726,11501,544,363,467
"261","E08000018","Rotherham",496,1767,2762,19731,14329,14721,14257,18401,18658,80,136,338,32958,7257,1979,12592,7339,9013,356,265,366
"262","E08000019","Sheffield",224,3890,4925,8265,22711,24727,5972,30474,31347,46,270,603,8860,8985,3528,4589,11391,16071,130,432,653
"263","E08000021","Newcastle upon Tyne",93,2789,5977,1938,20013,17385,1400,26139,22030,12,172,244,333,8475,1420,735,10173,7843,21,371,319
"264","E08000022","North Tyneside",0,1419,4171,0,16225,12082,0,20736,15312,0,177,170,0,5184,991,0,7850,5472,0,282,222
"265","E08000023","South Tyneside",0,785,2585,20,9651,6779,14,11941,8595,0,120,105,12,4201,614,13,4972,3390,0,171,138
"266","E08000024","Sunderland",23,2512,6375,1118,20161,16450,808,24077,20847,13,145,260,684,9454,1515,671,11132,8371,19,371,340
"267","E08000025","Birmingham",536,6889,12194,16565,35898,71794,11970,50128,90995,101,360,910,25535,13350,6584,9251,16403,34240,261,647,1391
"268","E08000026","Coventry",53,1207,3905,3180,14358,23118,2298,18764,29291,13,132,291,7135,5826,2109,1729,5924,10967,49,216,445
"269","E08000027","Dudley",87,1995,3795,4079,13206,17976,2947,18086,22788,25,157,283,4726,6028,2048,2636,7023,10649,74,272,433
"270","E08000028","Sandwell",330,2161,3626,15356,12885,17054,11096,18124,21621,95,135,270,22307,8774,1956,10052,8168,10173,284,325,413
"271","E08000029","Solihull",607,658,3221,25745,10556,19721,18578,12651,25001,111,96,240,34082,5328,1738,12031,4249,9036,340,142,367
"272","E08000030","Walsall",215,1414,2622,9408,10288,12593,6798,13944,15965,53,102,195,18386,8339,1414,5392,6039,7355,152,230,299
"273","E08000031","Wolverhampton",0,2034,3118,0,10238,14619,0,14372,18532,0,108,233,0,5549,1683,0,5429,8755,0,215,356
"274","E08000032","Bradford",36,2723,4679,1636,21873,28156,1182,28396,35695,6,226,573,1190,10214,3351,800,11105,15267,23,406,620
"275","E08000033","Calderdale",234,1837,1602,11354,11739,9939,8204,15545,12601,45,147,196,21520,5321,1147,7368,6649,5227,208,246,212
"276","E08000034","Kirklees",459,2387,3009,19227,18177,18176,13893,24311,23043,93,207,368,32660,6801,2155,10765,9997,9817,304,374,399
"277","E08000035","Leeds",1526,6552,6176,61856,42578,43545,44696,56319,55201,295,450,756,77237,15064,4424,33955,22303,20153,959,833,819
"278","E08000036","Wakefield",587,2129,2400,24279,20665,16302,17543,24987,20660,121,242,294,42198,16469,1718,14713,11986,7830,415,396,318
"279","E08000037","Gateshead",94,1957,6575,3919,18066,16728,2832,22523,21207,23,170,268,2639,12031,1561,2032,10634,8624,57,370,350
"280","E09000001","City of London",0,1776,205,0,2939,1699,0,2245,1214,0,476,88,0,1736,110,0,1636,1094,0,66,45
"281","E09000002","Barking and Dagenham",0,1460,352,0,9891,3324,0,13194,4145,0,288,159,0,10210,195,0,6128,2085,0,243,85
"282","E09000003","Barnet",543,4503,722,6873,23058,7085,4708,28760,8827,191,699,326,4383,11154,400,4510,12550,4274,125,482,175
"283","E09000004","Bexley",0,2257,562,0,12912,5631,0,16862,7028,0,379,254,0,8054,311,0,8024,3329,0,304,136
"284","E09000005","Brent",0,2733,723,0,10399,7706,0,12963,9604,0,348,326,0,5868,400,0,5882,4277,0,234,175
"285","E09000006","Bromley",1,2941,1270,25,13126,12287,18,16792,15324,0,294,573,13,3874,704,18,7049,7520,1,262,307
"286","E09000007","Camden",0,5124,597,0,7629,4707,0,7978,5237,0,759,261,0,3002,322,0,4301,3285,0,175,136
"287","E09000008","Croydon",0,3109,1342,0,11310,13177,0,15136,16441,0,374,605,0,5038,743,0,6294,7942,0,249,324
"288","E09000009","Ealing",0,3458,938,0,17170,9152,0,22604,11408,0,603,423,0,12371,520,0,10017,5553,0,398,227
"289","E09000010","Enfield",313,2885,634,11372,17470,5986,7930,22420,7456,84,382,286,21636,12460,351,7725,9878,3754,218,387,153
"290","E09000011","Greenwich",0,3317,824,0,14668,7956,0,18595,9899,0,693,372,0,8183,457,0,9921,4880,0,394,199
"291","E09000012","Hackney",0,4348,600,0,7273,4493,0,8977,5407,0,515,262,0,3514,323,0,4762,3311,0,194,138
"292","E09000013","Hammersmith and Fulham",0,3734,522,0,9250,3198,0,11291,3892,0,746,228,0,3596,281,0,5705,2879,0,232,120
"293","E09000014","Haringey",0,4054,838,0,7080,6204,0,8988,7548,0,332,366,0,3153,451,0,3857,4628,0,157,192
"294","E09000015","Harrow",57,1338,555,829,5908,5776,575,7943,7208,14,81,250,459,1365,307,617,2123,3283,17,84,134
"295","E09000016","Havering",222,1809,938,10657,12973,8584,7433,16299,10713,106,333,423,26470,9891,519,7669,7488,5552,217,269,227
"296","E09000017","Hillingdon",814,3089,1685,16330,16454,17406,11024,21397,21722,233,315,760,8263,8270,933,6833,8009,9977,191,306,407
"297","E09000018","Hounslow",635,3486,887,10278,16064,9103,6256,20535,11358,187,555,400,2729,6410,491,4312,8009,5249,119,318,214
"298","E09000019","Islington",0,4138,537,0,5164,4120,0,5830,4579,0,617,235,0,2709,290,0,3500,2944,0,142,122
"299","E09000020","Kensington and Chelsea",0,3326,651,0,9773,3899,0,8946,4670,0,767,284,0,3824,350,0,5090,3593,0,207,149
"300","E09000021","Kingston upon Thames",0,1620,710,0,12553,7274,0,16625,9078,0,425,320,0,3409,393,0,6979,4201,0,273,172
"301","E09000022","Lambeth",0,7640,1140,0,9455,8499,0,11520,9898,0,1140,498,0,4309,613,0,6443,6278,0,262,261
"302","E09000023","Lewisham",0,4001,1437,0,8422,10525,0,11029,12817,0,470,628,0,3489,773,0,4681,7933,0,190,330
"303","E09000024","Merton",0,1837,645,0,5862,6098,0,7857,7606,0,273,291,0,2613,357,0,3593,3818,0,143,156
"304","E09000025","Newham",0,4112,762,0,19884,5654,0,24703,6885,0,623,333,0,14891,410,0,10690,4209,0,435,175
"305","E09000026","Redbridge",210,2462,472,4107,17527,4710,2806,22168,5873,71,366,213,2330,9888,261,3076,9881,2794,85,390,114
"306","E09000027","Richmond upon Thames",0,2463,651,0,9049,6805,0,12009,8483,0,439,294,0,2821,361,0,4475,3856,0,178,157
"307","E09000028","Southwark",0,6584,1217,0,7976,9106,0,9371,10221,0,933,531,0,3798,654,0,5586,6690,0,227,278
"308","E09000029","Sutton",0,1068,909,0,4810,8471,0,6467,10571,0,119,410,0,1187,503,0,2305,5380,0,92,220
"309","E09000030","Tower Hamlets",0,3964,1035,0,14880,7726,0,17811,9223,0,1094,452,0,10784,557,0,10192,5713,0,415,237
"310","E09000031","Waltham Forest",0,2384,380,0,12664,3708,0,15710,4623,0,390,171,0,7642,210,0,7999,2249,0,318,92
"311","E09000032","Wandsworth",0,4395,820,0,11468,7046,0,15179,8588,0,1102,358,0,4402,441,0,7238,4524,0,295,188
"312","E09000033","Westminster",0,12736,1073,0,18653,6719,0,16435,6539,0,1751,463,0,6488,576,0,9121,5793,0,371,240
"313","W06000001","Isle of Anglesey",0,683,497,0,9396,4388,0,7963,3471,0,125,105,0,4558,585,0,5717,2631,0,159,86
"314","W06000002","Gwynedd",0,2092,716,0,21889,6375,0,18590,4990,0,369,154,0,9012,862,0,12680,3869,0,363,126
"315","W06000003","Conwy",0,1622,879,0,21855,6928,0,18444,6087,0,277,163,0,9259,931,0,11686,4209,0,322,145
"316","W06000004","Denbighshire",0,1067,660,0,14641,5289,0,12620,4463,0,267,128,0,6406,722,0,7848,3258,0,224,110
"317","W06000005","Flintshire",0,1392,1359,0,29050,10245,0,25279,9499,0,347,244,0,14659,1418,0,15054,6402,0,418,228
"318","W06000006","Wrexham",0,839,991,0,14846,7985,0,13130,7181,0,156,179,0,9552,1031,0,8132,4654,0,229,163
"319","W06000008","Ceredigion",0,1031,960,0,8319,6346,0,7126,4967,0,133,205,0,3780,1145,0,4924,5144,0,143,168
"320","W06000009","Pembrokeshire",0,1335,1380,0,13020,9098,0,11217,7321,0,137,284,0,6631,1591,0,6897,7176,0,201,238
"321","W06000010","Carmarthenshire",42,2191,2053,2453,27356,13148,1338,23309,10903,17,250,403,1417,13990,2272,1158,16495,10257,32,460,344
"322","W06000011","Swansea",168,1218,1575,10242,13654,16516,5671,13782,16213,60,134,275,5702,2740,1642,4942,5970,7373,134,194,273
"323","W06000012","Neath Port Talbot",303,916,508,13625,13486,5465,7599,12151,5135,74,162,92,8784,4398,539,6513,7544,2439,176,218,88
"324","W06000013","Bridgend",305,841,1026,13033,10132,10377,7112,9475,10097,64,98,180,8107,2764,1065,7020,4443,4792,191,134,176
"325","W06000014","Vale of Glamorgan",111,652,1185,3748,7708,12449,2045,7055,11640,22,94,211,2379,2068,1236,1701,3166,5569,46,96,200
"326","W06000015","Cardiff",262,2573,2883,13663,26633,29945,7571,26498,30324,83,254,494,11329,8259,3007,7138,11078,13393,193,353,506
"327","W06000016","Rhondda Cynon Taf",231,2261,1498,8632,24083,15426,4710,22234,14687,37,210,263,5146,7375,1553,3894,13055,6992,106,383,254
"328","W06000018","Caerphilly",0,733,1413,0,12485,12981,0,10978,12551,0,91,247,0,4200,1467,0,6220,6594,0,181,242
"329","W06000019","Blaenau Gwent",0,285,327,0,5234,3096,0,4722,2980,0,32,58,0,2171,345,0,2846,1551,0,83,57
"330","W06000020","Torfaen",0,415,798,0,6995,7236,0,6513,7165,0,83,138,0,1917,828,0,3270,3711,0,98,138
"331","W06000021","Monmouthshire",249,697,794,8524,15760,8211,4651,13225,6793,100,217,156,8448,15365,882,3990,9144,3976,109,252,133
"332","W06000022","Newport",745,765,1378,24232,10104,12583,13399,9785,12271,183,118,238,20015,6397,1414,10604,4566,6360,287,145,234
"333","W06000023","Powys",0,1596,1546,0,19943,10623,0,16863,8278,0,402,333,0,15467,1865,0,12134,8367,0,351,273
"334","W06000024","Merthyr Tydfil",0,576,227,0,7002,2329,0,5990,2270,0,56,40,0,2397,238,0,3685,1068,0,103,39
